month,key,label,bets,hits,hit_rate_pct,roi_pct,profit_yen
2023-08,g23_optb_tri,G2/G3 1-2-3,0,0,,,0
2023-08,gmkf_132_tri,蒲郡 潮 1-3-2,0,0,,,0
2023-08,shimonoseki_123_tri,下関 1-2-3,0,0,,,0
2023-08,tsu_124_tri,津 1-2-4,0,0,,,0
2023-08,amagasaki_143_tri,尼崎 1-4-3,0,0,,,0
2023-08,amagasaki_13_exa,尼崎 1-3,0,0,,,0
2023-08,omura_13_exa,大村 1-3,0,0,,,0
2023-08,ashiya_boat4_exa,芦屋 4-1,0,0,,,0
2023-08,hamanako_14_exa,浜名湖 1-4,0,0,,,0
2023-08,omura_14_exa,大村 1-4,0,0,,,0
2023-08,tokuyama_123_tri,徳山 1-2-3,0,0,,,0
2023-08,tokuyama_13_exa,徳山 1-3,0,0,,,0
2023-08,shimonoseki_132_tri,下関 1-3-2,1,0,0.0,-100.0,-100
2023-08,kojima_124_tri,児島 1-2-4,0,0,,,0
2023-08,kojima_13_exa,児島 1-3,0,0,,,0
2023-08,marugame_123_tri,丸亀 1-2-3,0,0,,,0
2023-08,omura_123_tri,大村 1-2-3,0,0,,,0
2023-08,omura_132_tri,大村 1-3-2,0,0,,,0
2023-08,tsu_123_tri,津 1-2-3,0,0,,,0
2023-08,suminoe_123_tri,住之江 1-2-3,0,0,,,0
2023-08,miyajima_tide_132_tri,宮島 潮 1-3-2,0,0,,,0
2023-08,gamagori_tide_132_tri,蒲郡 潮 1-3-2,0,0,,,0
2023-08,marugame_tide_123_tri,丸亀 潮 1-2-3,0,0,,,0
2023-08,fukuoka_tide_132_tri,福岡 潮 1-3-2,0,0,,,0
2023-08,gamagori_123_general_practical_tri,蒲郡 一般 1-2-3,0,0,,,0
2023-08,gamagori_13_exa,蒲郡 1-3,0,0,,,0
2023-08,tokuyama_12a_exa,徳山 1-2 A,0,0,,,0
2023-08,tokoname_12_late_a_exa,常滑 1-2 後半A級安定型,0,0,,,0
2023-08,tokoname_14_winter_exa,常滑 1-4 冬型,0,0,,,0
2023-08,tokoname_123_late_exst_tri,常滑 1-2-3 後半展示ST型,0,0,,,0
2023-08,toda_123_tri,戸田 1-2-3,0,0,,,0
2023-08,tsu_143_tri,津 1-4-3,0,0,,,0
2023-08,kojima_123_tri,児島 1-2-3,0,0,,,0
2023-08,gamagori_123_tri,蒲郡 1-2-3,0,0,,,0
2023-08,naruto_123_tri,鳴門 1-2-3,0,0,,,0
2023-08,karatsu_132_tri,唐津 1-3-2,0,0,,,0
2023-08,tri134_acc2_ex3_tri,1-3-4 全場型,0,0,,,0
2023-08,omura_132_weak2_ex3_tri,大村 1-3-2 弱2展示,0,0,,,0
2023-08,wakamatsu_13_weak2_strong3_exa,若松 1-3,0,0,,,0
2023-08,heiwajima_13_acc2_late_exa,平和島 1-3,0,0,,,0
2023-08,tamagawa_13_weak_sashi2_exa,多摩川 1-3,0,0,,,0
2023-08,marugame_123_weak4_t5_tri,丸亀 1-2-3 弱4型,0,0,,,0
2023-08,marugame_123_late_weak4_t5_tri,丸亀 1-2-3 後半弱4型,0,0,,,0
2023-08,edogawa_132_weak4_t5_tri,江戸川 1-3-2 弱4型,0,0,,,0
2023-08,karatsu_123_weak4_t5_tri,唐津 1-2-3 弱4型,0,0,,,0
2023-08,suminoe_124_weak3_t5_tri,住之江 1-2-4 弱3型,0,0,,,0
2023-09,g23_optb_tri,G2/G3 1-2-3,0,0,,,0
2023-09,gmkf_132_tri,蒲郡 潮 1-3-2,0,0,,,0
2023-09,shimonoseki_123_tri,下関 1-2-3,0,0,,,0
2023-09,tsu_124_tri,津 1-2-4,0,0,,,0
2023-09,amagasaki_143_tri,尼崎 1-4-3,0,0,,,0
2023-09,amagasaki_13_exa,尼崎 1-3,0,0,,,0
2023-09,omura_13_exa,大村 1-3,0,0,,,0
2023-09,ashiya_boat4_exa,芦屋 4-1,0,0,,,0
2023-09,hamanako_14_exa,浜名湖 1-4,0,0,,,0
2023-09,omura_14_exa,大村 1-4,0,0,,,0
2023-09,tokuyama_123_tri,徳山 1-2-3,0,0,,,0
2023-09,tokuyama_13_exa,徳山 1-3,0,0,,,0
2023-09,shimonoseki_132_tri,下関 1-3-2,2,0,0.0,-100.0,-200
2023-09,kojima_124_tri,児島 1-2-4,0,0,,,0
2023-09,kojima_13_exa,児島 1-3,0,0,,,0
2023-09,marugame_123_tri,丸亀 1-2-3,0,0,,,0
2023-09,omura_123_tri,大村 1-2-3,0,0,,,0
2023-09,omura_132_tri,大村 1-3-2,0,0,,,0
2023-09,tsu_123_tri,津 1-2-3,0,0,,,0
2023-09,suminoe_123_tri,住之江 1-2-3,0,0,,,0
2023-09,miyajima_tide_132_tri,宮島 潮 1-3-2,0,0,,,0
2023-09,gamagori_tide_132_tri,蒲郡 潮 1-3-2,0,0,,,0
2023-09,marugame_tide_123_tri,丸亀 潮 1-2-3,0,0,,,0
2023-09,fukuoka_tide_132_tri,福岡 潮 1-3-2,0,0,,,0
2023-09,gamagori_123_general_practical_tri,蒲郡 一般 1-2-3,0,0,,,0
2023-09,gamagori_13_exa,蒲郡 1-3,0,0,,,0
2023-09,tokuyama_12a_exa,徳山 1-2 A,0,0,,,0
2023-09,tokoname_12_late_a_exa,常滑 1-2 後半A級安定型,0,0,,,0
2023-09,tokoname_14_winter_exa,常滑 1-4 冬型,0,0,,,0
2023-09,tokoname_123_late_exst_tri,常滑 1-2-3 後半展示ST型,0,0,,,0
2023-09,toda_123_tri,戸田 1-2-3,0,0,,,0
2023-09,tsu_143_tri,津 1-4-3,0,0,,,0
2023-09,kojima_123_tri,児島 1-2-3,0,0,,,0
2023-09,gamagori_123_tri,蒲郡 1-2-3,0,0,,,0
2023-09,naruto_123_tri,鳴門 1-2-3,0,0,,,0
2023-09,karatsu_132_tri,唐津 1-3-2,0,0,,,0
2023-09,tri134_acc2_ex3_tri,1-3-4 全場型,0,0,,,0
2023-09,omura_132_weak2_ex3_tri,大村 1-3-2 弱2展示,0,0,,,0
2023-09,wakamatsu_13_weak2_strong3_exa,若松 1-3,0,0,,,0
2023-09,heiwajima_13_acc2_late_exa,平和島 1-3,0,0,,,0
2023-09,tamagawa_13_weak_sashi2_exa,多摩川 1-3,0,0,,,0
2023-09,marugame_123_weak4_t5_tri,丸亀 1-2-3 弱4型,0,0,,,0
2023-09,marugame_123_late_weak4_t5_tri,丸亀 1-2-3 後半弱4型,0,0,,,0
2023-09,edogawa_132_weak4_t5_tri,江戸川 1-3-2 弱4型,0,0,,,0
2023-09,karatsu_123_weak4_t5_tri,唐津 1-2-3 弱4型,0,0,,,0
2023-09,suminoe_124_weak3_t5_tri,住之江 1-2-4 弱3型,0,0,,,0
2023-10,g23_optb_tri,G2/G3 1-2-3,0,0,,,0
2023-10,gmkf_132_tri,蒲郡 潮 1-3-2,0,0,,,0
2023-10,shimonoseki_123_tri,下関 1-2-3,0,0,,,0
2023-10,tsu_124_tri,津 1-2-4,0,0,,,0
2023-10,amagasaki_143_tri,尼崎 1-4-3,0,0,,,0
2023-10,amagasaki_13_exa,尼崎 1-3,0,0,,,0
2023-10,omura_13_exa,大村 1-3,0,0,,,0
2023-10,ashiya_boat4_exa,芦屋 4-1,0,0,,,0
2023-10,hamanako_14_exa,浜名湖 1-4,0,0,,,0
2023-10,omura_14_exa,大村 1-4,0,0,,,0
2023-10,tokuyama_123_tri,徳山 1-2-3,1,0,0.0,-100.0,-100
2023-10,tokuyama_13_exa,徳山 1-3,0,0,,,0
2023-10,shimonoseki_132_tri,下関 1-3-2,4,0,0.0,-100.0,-400
2023-10,kojima_124_tri,児島 1-2-4,0,0,,,0
2023-10,kojima_13_exa,児島 1-3,0,0,,,0
2023-10,marugame_123_tri,丸亀 1-2-3,0,0,,,0
2023-10,omura_123_tri,大村 1-2-3,0,0,,,0
2023-10,omura_132_tri,大村 1-3-2,0,0,,,0
2023-10,tsu_123_tri,津 1-2-3,0,0,,,0
2023-10,suminoe_123_tri,住之江 1-2-3,0,0,,,0
2023-10,miyajima_tide_132_tri,宮島 潮 1-3-2,0,0,,,0
2023-10,gamagori_tide_132_tri,蒲郡 潮 1-3-2,0,0,,,0
2023-10,marugame_tide_123_tri,丸亀 潮 1-2-3,0,0,,,0
2023-10,fukuoka_tide_132_tri,福岡 潮 1-3-2,0,0,,,0
2023-10,gamagori_123_general_practical_tri,蒲郡 一般 1-2-3,0,0,,,0
2023-10,gamagori_13_exa,蒲郡 1-3,0,0,,,0
2023-10,tokuyama_12a_exa,徳山 1-2 A,0,0,,,0
2023-10,tokoname_12_late_a_exa,常滑 1-2 後半A級安定型,0,0,,,0
2023-10,tokoname_14_winter_exa,常滑 1-4 冬型,0,0,,,0
2023-10,tokoname_123_late_exst_tri,常滑 1-2-3 後半展示ST型,0,0,,,0
2023-10,toda_123_tri,戸田 1-2-3,0,0,,,0
2023-10,tsu_143_tri,津 1-4-3,0,0,,,0
2023-10,kojima_123_tri,児島 1-2-3,0,0,,,0
2023-10,gamagori_123_tri,蒲郡 1-2-3,0,0,,,0
2023-10,naruto_123_tri,鳴門 1-2-3,0,0,,,0
2023-10,karatsu_132_tri,唐津 1-3-2,0,0,,,0
2023-10,tri134_acc2_ex3_tri,1-3-4 全場型,0,0,,,0
2023-10,omura_132_weak2_ex3_tri,大村 1-3-2 弱2展示,0,0,,,0
2023-10,wakamatsu_13_weak2_strong3_exa,若松 1-3,0,0,,,0
2023-10,heiwajima_13_acc2_late_exa,平和島 1-3,0,0,,,0
2023-10,tamagawa_13_weak_sashi2_exa,多摩川 1-3,0,0,,,0
2023-10,marugame_123_weak4_t5_tri,丸亀 1-2-3 弱4型,0,0,,,0
2023-10,marugame_123_late_weak4_t5_tri,丸亀 1-2-3 後半弱4型,0,0,,,0
2023-10,edogawa_132_weak4_t5_tri,江戸川 1-3-2 弱4型,0,0,,,0
2023-10,karatsu_123_weak4_t5_tri,唐津 1-2-3 弱4型,0,0,,,0
2023-10,suminoe_124_weak3_t5_tri,住之江 1-2-4 弱3型,0,0,,,0
2023-11,g23_optb_tri,G2/G3 1-2-3,0,0,,,0
2023-11,gmkf_132_tri,蒲郡 潮 1-3-2,0,0,,,0
2023-11,shimonoseki_123_tri,下関 1-2-3,0,0,,,0
2023-11,tsu_124_tri,津 1-2-4,0,0,,,0
2023-11,amagasaki_143_tri,尼崎 1-4-3,0,0,,,0
2023-11,amagasaki_13_exa,尼崎 1-3,0,0,,,0
2023-11,omura_13_exa,大村 1-3,0,0,,,0
2023-11,ashiya_boat4_exa,芦屋 4-1,0,0,,,0
2023-11,hamanako_14_exa,浜名湖 1-4,0,0,,,0
2023-11,omura_14_exa,大村 1-4,0,0,,,0
2023-11,tokuyama_123_tri,徳山 1-2-3,0,0,,,0
2023-11,tokuyama_13_exa,徳山 1-3,0,0,,,0
2023-11,shimonoseki_132_tri,下関 1-3-2,0,0,,,0
2023-11,kojima_124_tri,児島 1-2-4,0,0,,,0
2023-11,kojima_13_exa,児島 1-3,0,0,,,0
2023-11,marugame_123_tri,丸亀 1-2-3,0,0,,,0
2023-11,omura_123_tri,大村 1-2-3,0,0,,,0
2023-11,omura_132_tri,大村 1-3-2,0,0,,,0
2023-11,tsu_123_tri,津 1-2-3,0,0,,,0
2023-11,suminoe_123_tri,住之江 1-2-3,0,0,,,0
2023-11,miyajima_tide_132_tri,宮島 潮 1-3-2,0,0,,,0
2023-11,gamagori_tide_132_tri,蒲郡 潮 1-3-2,0,0,,,0
2023-11,marugame_tide_123_tri,丸亀 潮 1-2-3,0,0,,,0
2023-11,fukuoka_tide_132_tri,福岡 潮 1-3-2,0,0,,,0
2023-11,gamagori_123_general_practical_tri,蒲郡 一般 1-2-3,0,0,,,0
2023-11,gamagori_13_exa,蒲郡 1-3,0,0,,,0
2023-11,tokuyama_12a_exa,徳山 1-2 A,0,0,,,0
2023-11,tokoname_12_late_a_exa,常滑 1-2 後半A級安定型,0,0,,,0
2023-11,tokoname_14_winter_exa,常滑 1-4 冬型,0,0,,,0
2023-11,tokoname_123_late_exst_tri,常滑 1-2-3 後半展示ST型,0,0,,,0
2023-11,toda_123_tri,戸田 1-2-3,0,0,,,0
2023-11,tsu_143_tri,津 1-4-3,0,0,,,0
2023-11,kojima_123_tri,児島 1-2-3,0,0,,,0
2023-11,gamagori_123_tri,蒲郡 1-2-3,0,0,,,0
2023-11,naruto_123_tri,鳴門 1-2-3,0,0,,,0
2023-11,karatsu_132_tri,唐津 1-3-2,0,0,,,0
2023-11,tri134_acc2_ex3_tri,1-3-4 全場型,0,0,,,0
2023-11,omura_132_weak2_ex3_tri,大村 1-3-2 弱2展示,0,0,,,0
2023-11,wakamatsu_13_weak2_strong3_exa,若松 1-3,0,0,,,0
2023-11,heiwajima_13_acc2_late_exa,平和島 1-3,0,0,,,0
2023-11,tamagawa_13_weak_sashi2_exa,多摩川 1-3,0,0,,,0
2023-11,marugame_123_weak4_t5_tri,丸亀 1-2-3 弱4型,0,0,,,0
2023-11,marugame_123_late_weak4_t5_tri,丸亀 1-2-3 後半弱4型,0,0,,,0
2023-11,edogawa_132_weak4_t5_tri,江戸川 1-3-2 弱4型,0,0,,,0
2023-11,karatsu_123_weak4_t5_tri,唐津 1-2-3 弱4型,0,0,,,0
2023-11,suminoe_124_weak3_t5_tri,住之江 1-2-4 弱3型,0,0,,,0
2023-12,g23_optb_tri,G2/G3 1-2-3,0,0,,,0
2023-12,gmkf_132_tri,蒲郡 潮 1-3-2,0,0,,,0
2023-12,shimonoseki_123_tri,下関 1-2-3,0,0,,,0
2023-12,tsu_124_tri,津 1-2-4,0,0,,,0
2023-12,amagasaki_143_tri,尼崎 1-4-3,0,0,,,0
2023-12,amagasaki_13_exa,尼崎 1-3,0,0,,,0
2023-12,omura_13_exa,大村 1-3,0,0,,,0
2023-12,ashiya_boat4_exa,芦屋 4-1,0,0,,,0
2023-12,hamanako_14_exa,浜名湖 1-4,0,0,,,0
2023-12,omura_14_exa,大村 1-4,0,0,,,0
2023-12,tokuyama_123_tri,徳山 1-2-3,0,0,,,0
2023-12,tokuyama_13_exa,徳山 1-3,0,0,,,0
2023-12,shimonoseki_132_tri,下関 1-3-2,1,0,0.0,-100.0,-100
2023-12,kojima_124_tri,児島 1-2-4,2,0,0.0,-100.0,-200
2023-12,kojima_13_exa,児島 1-3,0,0,,,0
2023-12,marugame_123_tri,丸亀 1-2-3,0,0,,,0
2023-12,omura_123_tri,大村 1-2-3,0,0,,,0
2023-12,omura_132_tri,大村 1-3-2,0,0,,,0
2023-12,tsu_123_tri,津 1-2-3,0,0,,,0
2023-12,suminoe_123_tri,住之江 1-2-3,0,0,,,0
2023-12,miyajima_tide_132_tri,宮島 潮 1-3-2,0,0,,,0
2023-12,gamagori_tide_132_tri,蒲郡 潮 1-3-2,0,0,,,0
2023-12,marugame_tide_123_tri,丸亀 潮 1-2-3,0,0,,,0
2023-12,fukuoka_tide_132_tri,福岡 潮 1-3-2,0,0,,,0
2023-12,gamagori_123_general_practical_tri,蒲郡 一般 1-2-3,0,0,,,0
2023-12,gamagori_13_exa,蒲郡 1-3,0,0,,,0
2023-12,tokuyama_12a_exa,徳山 1-2 A,0,0,,,0
2023-12,tokoname_12_late_a_exa,常滑 1-2 後半A級安定型,0,0,,,0
2023-12,tokoname_14_winter_exa,常滑 1-4 冬型,0,0,,,0
2023-12,tokoname_123_late_exst_tri,常滑 1-2-3 後半展示ST型,0,0,,,0
2023-12,toda_123_tri,戸田 1-2-3,0,0,,,0
2023-12,tsu_143_tri,津 1-4-3,0,0,,,0
2023-12,kojima_123_tri,児島 1-2-3,0,0,,,0
2023-12,gamagori_123_tri,蒲郡 1-2-3,0,0,,,0
2023-12,naruto_123_tri,鳴門 1-2-3,0,0,,,0
2023-12,karatsu_132_tri,唐津 1-3-2,0,0,,,0
2023-12,tri134_acc2_ex3_tri,1-3-4 全場型,0,0,,,0
2023-12,omura_132_weak2_ex3_tri,大村 1-3-2 弱2展示,0,0,,,0
2023-12,wakamatsu_13_weak2_strong3_exa,若松 1-3,0,0,,,0
2023-12,heiwajima_13_acc2_late_exa,平和島 1-3,0,0,,,0
2023-12,tamagawa_13_weak_sashi2_exa,多摩川 1-3,0,0,,,0
2023-12,marugame_123_weak4_t5_tri,丸亀 1-2-3 弱4型,0,0,,,0
2023-12,marugame_123_late_weak4_t5_tri,丸亀 1-2-3 後半弱4型,0,0,,,0
2023-12,edogawa_132_weak4_t5_tri,江戸川 1-3-2 弱4型,0,0,,,0
2023-12,karatsu_123_weak4_t5_tri,唐津 1-2-3 弱4型,0,0,,,0
2023-12,suminoe_124_weak3_t5_tri,住之江 1-2-4 弱3型,0,0,,,0
2024-01,g23_optb_tri,G2/G3 1-2-3,0,0,,,0
2024-01,gmkf_132_tri,蒲郡 潮 1-3-2,0,0,,,0
2024-01,shimonoseki_123_tri,下関 1-2-3,0,0,,,0
2024-01,tsu_124_tri,津 1-2-4,0,0,,,0
2024-01,amagasaki_143_tri,尼崎 1-4-3,0,0,,,0
2024-01,amagasaki_13_exa,尼崎 1-3,0,0,,,0
2024-01,omura_13_exa,大村 1-3,0,0,,,0
2024-01,ashiya_boat4_exa,芦屋 4-1,0,0,,,0
2024-01,hamanako_14_exa,浜名湖 1-4,0,0,,,0
2024-01,omura_14_exa,大村 1-4,0,0,,,0
2024-01,tokuyama_123_tri,徳山 1-2-3,0,0,,,0
2024-01,tokuyama_13_exa,徳山 1-3,0,0,,,0
2024-01,shimonoseki_132_tri,下関 1-3-2,12,0,0.0,-100.0,-1200
2024-01,kojima_124_tri,児島 1-2-4,5,0,0.0,-100.0,-500
2024-01,kojima_13_exa,児島 1-3,0,0,,,0
2024-01,marugame_123_tri,丸亀 1-2-3,0,0,,,0
2024-01,omura_123_tri,大村 1-2-3,0,0,,,0
2024-01,omura_132_tri,大村 1-3-2,0,0,,,0
2024-01,tsu_123_tri,津 1-2-3,0,0,,,0
2024-01,suminoe_123_tri,住之江 1-2-3,0,0,,,0
2024-01,miyajima_tide_132_tri,宮島 潮 1-3-2,0,0,,,0
2024-01,gamagori_tide_132_tri,蒲郡 潮 1-3-2,0,0,,,0
2024-01,marugame_tide_123_tri,丸亀 潮 1-2-3,0,0,,,0
2024-01,fukuoka_tide_132_tri,福岡 潮 1-3-2,0,0,,,0
2024-01,gamagori_123_general_practical_tri,蒲郡 一般 1-2-3,0,0,,,0
2024-01,gamagori_13_exa,蒲郡 1-3,0,0,,,0
2024-01,tokuyama_12a_exa,徳山 1-2 A,0,0,,,0
2024-01,tokoname_12_late_a_exa,常滑 1-2 後半A級安定型,0,0,,,0
2024-01,tokoname_14_winter_exa,常滑 1-4 冬型,0,0,,,0
2024-01,tokoname_123_late_exst_tri,常滑 1-2-3 後半展示ST型,0,0,,,0
2024-01,toda_123_tri,戸田 1-2-3,0,0,,,0
2024-01,tsu_143_tri,津 1-4-3,0,0,,,0
2024-01,kojima_123_tri,児島 1-2-3,0,0,,,0
2024-01,gamagori_123_tri,蒲郡 1-2-3,0,0,,,0
2024-01,naruto_123_tri,鳴門 1-2-3,0,0,,,0
2024-01,karatsu_132_tri,唐津 1-3-2,0,0,,,0
2024-01,tri134_acc2_ex3_tri,1-3-4 全場型,0,0,,,0
2024-01,omura_132_weak2_ex3_tri,大村 1-3-2 弱2展示,0,0,,,0
2024-01,wakamatsu_13_weak2_strong3_exa,若松 1-3,0,0,,,0
2024-01,heiwajima_13_acc2_late_exa,平和島 1-3,0,0,,,0
2024-01,tamagawa_13_weak_sashi2_exa,多摩川 1-3,0,0,,,0
2024-01,marugame_123_weak4_t5_tri,丸亀 1-2-3 弱4型,0,0,,,0
2024-01,marugame_123_late_weak4_t5_tri,丸亀 1-2-3 後半弱4型,0,0,,,0
2024-01,edogawa_132_weak4_t5_tri,江戸川 1-3-2 弱4型,0,0,,,0
2024-01,karatsu_123_weak4_t5_tri,唐津 1-2-3 弱4型,0,0,,,0
2024-01,suminoe_124_weak3_t5_tri,住之江 1-2-4 弱3型,0,0,,,0
2024-02,g23_optb_tri,G2/G3 1-2-3,0,0,,,0
2024-02,gmkf_132_tri,蒲郡 潮 1-3-2,0,0,,,0
2024-02,shimonoseki_123_tri,下関 1-2-3,0,0,,,0
2024-02,tsu_124_tri,津 1-2-4,0,0,,,0
2024-02,amagasaki_143_tri,尼崎 1-4-3,0,0,,,0
2024-02,amagasaki_13_exa,尼崎 1-3,0,0,,,0
2024-02,omura_13_exa,大村 1-3,0,0,,,0
2024-02,ashiya_boat4_exa,芦屋 4-1,0,0,,,0
2024-02,hamanako_14_exa,浜名湖 1-4,0,0,,,0
2024-02,omura_14_exa,大村 1-4,0,0,,,0
2024-02,tokuyama_123_tri,徳山 1-2-3,0,0,,,0
2024-02,tokuyama_13_exa,徳山 1-3,0,0,,,0
2024-02,shimonoseki_132_tri,下関 1-3-2,1,0,0.0,-100.0,-100
2024-02,kojima_124_tri,児島 1-2-4,0,0,,,0
2024-02,kojima_13_exa,児島 1-3,0,0,,,0
2024-02,marugame_123_tri,丸亀 1-2-3,0,0,,,0
2024-02,omura_123_tri,大村 1-2-3,0,0,,,0
2024-02,omura_132_tri,大村 1-3-2,0,0,,,0
2024-02,tsu_123_tri,津 1-2-3,0,0,,,0
2024-02,suminoe_123_tri,住之江 1-2-3,0,0,,,0
2024-02,miyajima_tide_132_tri,宮島 潮 1-3-2,0,0,,,0
2024-02,gamagori_tide_132_tri,蒲郡 潮 1-3-2,0,0,,,0
2024-02,marugame_tide_123_tri,丸亀 潮 1-2-3,0,0,,,0
2024-02,fukuoka_tide_132_tri,福岡 潮 1-3-2,0,0,,,0
2024-02,gamagori_123_general_practical_tri,蒲郡 一般 1-2-3,0,0,,,0
2024-02,gamagori_13_exa,蒲郡 1-3,0,0,,,0
2024-02,tokuyama_12a_exa,徳山 1-2 A,0,0,,,0
2024-02,tokoname_12_late_a_exa,常滑 1-2 後半A級安定型,0,0,,,0
2024-02,tokoname_14_winter_exa,常滑 1-4 冬型,0,0,,,0
2024-02,tokoname_123_late_exst_tri,常滑 1-2-3 後半展示ST型,0,0,,,0
2024-02,toda_123_tri,戸田 1-2-3,0,0,,,0
2024-02,tsu_143_tri,津 1-4-3,0,0,,,0
2024-02,kojima_123_tri,児島 1-2-3,0,0,,,0
2024-02,gamagori_123_tri,蒲郡 1-2-3,0,0,,,0
2024-02,naruto_123_tri,鳴門 1-2-3,0,0,,,0
2024-02,karatsu_132_tri,唐津 1-3-2,0,0,,,0
2024-02,tri134_acc2_ex3_tri,1-3-4 全場型,0,0,,,0
2024-02,omura_132_weak2_ex3_tri,大村 1-3-2 弱2展示,0,0,,,0
2024-02,wakamatsu_13_weak2_strong3_exa,若松 1-3,0,0,,,0
2024-02,heiwajima_13_acc2_late_exa,平和島 1-3,0,0,,,0
2024-02,tamagawa_13_weak_sashi2_exa,多摩川 1-3,0,0,,,0
2024-02,marugame_123_weak4_t5_tri,丸亀 1-2-3 弱4型,0,0,,,0
2024-02,marugame_123_late_weak4_t5_tri,丸亀 1-2-3 後半弱4型,0,0,,,0
2024-02,edogawa_132_weak4_t5_tri,江戸川 1-3-2 弱4型,0,0,,,0
2024-02,karatsu_123_weak4_t5_tri,唐津 1-2-3 弱4型,0,0,,,0
2024-02,suminoe_124_weak3_t5_tri,住之江 1-2-4 弱3型,0,0,,,0
2024-03,g23_optb_tri,G2/G3 1-2-3,0,0,,,0
2024-03,gmkf_132_tri,蒲郡 潮 1-3-2,0,0,,,0
2024-03,shimonoseki_123_tri,下関 1-2-3,0,0,,,0
2024-03,tsu_124_tri,津 1-2-4,0,0,,,0
2024-03,amagasaki_143_tri,尼崎 1-4-3,0,0,,,0
2024-03,amagasaki_13_exa,尼崎 1-3,0,0,,,0
2024-03,omura_13_exa,大村 1-3,0,0,,,0
2024-03,ashiya_boat4_exa,芦屋 4-1,0,0,,,0
2024-03,hamanako_14_exa,浜名湖 1-4,0,0,,,0
2024-03,omura_14_exa,大村 1-4,0,0,,,0
2024-03,tokuyama_123_tri,徳山 1-2-3,0,0,,,0
2024-03,tokuyama_13_exa,徳山 1-3,0,0,,,0
2024-03,shimonoseki_132_tri,下関 1-3-2,2,0,0.0,-100.0,-200
2024-03,kojima_124_tri,児島 1-2-4,0,0,,,0
2024-03,kojima_13_exa,児島 1-3,0,0,,,0
2024-03,marugame_123_tri,丸亀 1-2-3,0,0,,,0
2024-03,omura_123_tri,大村 1-2-3,0,0,,,0
2024-03,omura_132_tri,大村 1-3-2,0,0,,,0
2024-03,tsu_123_tri,津 1-2-3,0,0,,,0
2024-03,suminoe_123_tri,住之江 1-2-3,0,0,,,0
2024-03,miyajima_tide_132_tri,宮島 潮 1-3-2,0,0,,,0
2024-03,gamagori_tide_132_tri,蒲郡 潮 1-3-2,0,0,,,0
2024-03,marugame_tide_123_tri,丸亀 潮 1-2-3,0,0,,,0
2024-03,fukuoka_tide_132_tri,福岡 潮 1-3-2,0,0,,,0
2024-03,gamagori_123_general_practical_tri,蒲郡 一般 1-2-3,0,0,,,0
2024-03,gamagori_13_exa,蒲郡 1-3,0,0,,,0
2024-03,tokuyama_12a_exa,徳山 1-2 A,0,0,,,0
2024-03,tokoname_12_late_a_exa,常滑 1-2 後半A級安定型,0,0,,,0
2024-03,tokoname_14_winter_exa,常滑 1-4 冬型,0,0,,,0
2024-03,tokoname_123_late_exst_tri,常滑 1-2-3 後半展示ST型,0,0,,,0
2024-03,toda_123_tri,戸田 1-2-3,0,0,,,0
2024-03,tsu_143_tri,津 1-4-3,0,0,,,0
2024-03,kojima_123_tri,児島 1-2-3,0,0,,,0
2024-03,gamagori_123_tri,蒲郡 1-2-3,0,0,,,0
2024-03,naruto_123_tri,鳴門 1-2-3,0,0,,,0
2024-03,karatsu_132_tri,唐津 1-3-2,0,0,,,0
2024-03,tri134_acc2_ex3_tri,1-3-4 全場型,0,0,,,0
2024-03,omura_132_weak2_ex3_tri,大村 1-3-2 弱2展示,0,0,,,0
2024-03,wakamatsu_13_weak2_strong3_exa,若松 1-3,0,0,,,0
2024-03,heiwajima_13_acc2_late_exa,平和島 1-3,0,0,,,0
2024-03,tamagawa_13_weak_sashi2_exa,多摩川 1-3,0,0,,,0
2024-03,marugame_123_weak4_t5_tri,丸亀 1-2-3 弱4型,0,0,,,0
2024-03,marugame_123_late_weak4_t5_tri,丸亀 1-2-3 後半弱4型,0,0,,,0
2024-03,edogawa_132_weak4_t5_tri,江戸川 1-3-2 弱4型,0,0,,,0
2024-03,karatsu_123_weak4_t5_tri,唐津 1-2-3 弱4型,0,0,,,0
2024-03,suminoe_124_weak3_t5_tri,住之江 1-2-4 弱3型,0,0,,,0
2024-04,g23_optb_tri,G2/G3 1-2-3,0,0,,,0
2024-04,gmkf_132_tri,蒲郡 潮 1-3-2,0,0,,,0
2024-04,shimonoseki_123_tri,下関 1-2-3,0,0,,,0
2024-04,tsu_124_tri,津 1-2-4,0,0,,,0
2024-04,amagasaki_143_tri,尼崎 1-4-3,0,0,,,0
2024-04,amagasaki_13_exa,尼崎 1-3,0,0,,,0
2024-04,omura_13_exa,大村 1-3,0,0,,,0
2024-04,ashiya_boat4_exa,芦屋 4-1,0,0,,,0
2024-04,hamanako_14_exa,浜名湖 1-4,0,0,,,0
2024-04,omura_14_exa,大村 1-4,0,0,,,0
2024-04,tokuyama_123_tri,徳山 1-2-3,0,0,,,0
2024-04,tokuyama_13_exa,徳山 1-3,0,0,,,0
2024-04,shimonoseki_132_tri,下関 1-3-2,2,0,0.0,-100.0,-200
2024-04,kojima_124_tri,児島 1-2-4,3,1,33.3,113.3,340
2024-04,kojima_13_exa,児島 1-3,0,0,,,0
2024-04,marugame_123_tri,丸亀 1-2-3,0,0,,,0
2024-04,omura_123_tri,大村 1-2-3,0,0,,,0
2024-04,omura_132_tri,大村 1-3-2,0,0,,,0
2024-04,tsu_123_tri,津 1-2-3,0,0,,,0
2024-04,suminoe_123_tri,住之江 1-2-3,0,0,,,0
2024-04,miyajima_tide_132_tri,宮島 潮 1-3-2,0,0,,,0
2024-04,gamagori_tide_132_tri,蒲郡 潮 1-3-2,0,0,,,0
2024-04,marugame_tide_123_tri,丸亀 潮 1-2-3,0,0,,,0
2024-04,fukuoka_tide_132_tri,福岡 潮 1-3-2,0,0,,,0
2024-04,gamagori_123_general_practical_tri,蒲郡 一般 1-2-3,0,0,,,0
2024-04,gamagori_13_exa,蒲郡 1-3,0,0,,,0
2024-04,tokuyama_12a_exa,徳山 1-2 A,0,0,,,0
2024-04,tokoname_12_late_a_exa,常滑 1-2 後半A級安定型,0,0,,,0
2024-04,tokoname_14_winter_exa,常滑 1-4 冬型,0,0,,,0
2024-04,tokoname_123_late_exst_tri,常滑 1-2-3 後半展示ST型,0,0,,,0
2024-04,toda_123_tri,戸田 1-2-3,0,0,,,0
2024-04,tsu_143_tri,津 1-4-3,0,0,,,0
2024-04,kojima_123_tri,児島 1-2-3,0,0,,,0
2024-04,gamagori_123_tri,蒲郡 1-2-3,0,0,,,0
2024-04,naruto_123_tri,鳴門 1-2-3,0,0,,,0
2024-04,karatsu_132_tri,唐津 1-3-2,0,0,,,0
2024-04,tri134_acc2_ex3_tri,1-3-4 全場型,0,0,,,0
2024-04,omura_132_weak2_ex3_tri,大村 1-3-2 弱2展示,0,0,,,0
2024-04,wakamatsu_13_weak2_strong3_exa,若松 1-3,0,0,,,0
2024-04,heiwajima_13_acc2_late_exa,平和島 1-3,0,0,,,0
2024-04,tamagawa_13_weak_sashi2_exa,多摩川 1-3,0,0,,,0
2024-04,marugame_123_weak4_t5_tri,丸亀 1-2-3 弱4型,0,0,,,0
2024-04,marugame_123_late_weak4_t5_tri,丸亀 1-2-3 後半弱4型,0,0,,,0
2024-04,edogawa_132_weak4_t5_tri,江戸川 1-3-2 弱4型,0,0,,,0
2024-04,karatsu_123_weak4_t5_tri,唐津 1-2-3 弱4型,0,0,,,0
2024-04,suminoe_124_weak3_t5_tri,住之江 1-2-4 弱3型,0,0,,,0
2024-05,g23_optb_tri,G2/G3 1-2-3,0,0,,,0
2024-05,gmkf_132_tri,蒲郡 潮 1-3-2,0,0,,,0
2024-05,shimonoseki_123_tri,下関 1-2-3,0,0,,,0
2024-05,tsu_124_tri,津 1-2-4,0,0,,,0
2024-05,amagasaki_143_tri,尼崎 1-4-3,0,0,,,0
2024-05,amagasaki_13_exa,尼崎 1-3,0,0,,,0
2024-05,omura_13_exa,大村 1-3,0,0,,,0
2024-05,ashiya_boat4_exa,芦屋 4-1,0,0,,,0
2024-05,hamanako_14_exa,浜名湖 1-4,0,0,,,0
2024-05,omura_14_exa,大村 1-4,0,0,,,0
2024-05,tokuyama_123_tri,徳山 1-2-3,0,0,,,0
2024-05,tokuyama_13_exa,徳山 1-3,0,0,,,0
2024-05,shimonoseki_132_tri,下関 1-3-2,1,0,0.0,-100.0,-100
2024-05,kojima_124_tri,児島 1-2-4,2,0,0.0,-100.0,-200
2024-05,kojima_13_exa,児島 1-3,0,0,,,0
2024-05,marugame_123_tri,丸亀 1-2-3,0,0,,,0
2024-05,omura_123_tri,大村 1-2-3,0,0,,,0
2024-05,omura_132_tri,大村 1-3-2,0,0,,,0
2024-05,tsu_123_tri,津 1-2-3,0,0,,,0
2024-05,suminoe_123_tri,住之江 1-2-3,0,0,,,0
2024-05,miyajima_tide_132_tri,宮島 潮 1-3-2,0,0,,,0
2024-05,gamagori_tide_132_tri,蒲郡 潮 1-3-2,0,0,,,0
2024-05,marugame_tide_123_tri,丸亀 潮 1-2-3,0,0,,,0
2024-05,fukuoka_tide_132_tri,福岡 潮 1-3-2,0,0,,,0
2024-05,gamagori_123_general_practical_tri,蒲郡 一般 1-2-3,0,0,,,0
2024-05,gamagori_13_exa,蒲郡 1-3,0,0,,,0
2024-05,tokuyama_12a_exa,徳山 1-2 A,0,0,,,0
2024-05,tokoname_12_late_a_exa,常滑 1-2 後半A級安定型,0,0,,,0
2024-05,tokoname_14_winter_exa,常滑 1-4 冬型,0,0,,,0
2024-05,tokoname_123_late_exst_tri,常滑 1-2-3 後半展示ST型,0,0,,,0
2024-05,toda_123_tri,戸田 1-2-3,0,0,,,0
2024-05,tsu_143_tri,津 1-4-3,0,0,,,0
2024-05,kojima_123_tri,児島 1-2-3,0,0,,,0
2024-05,gamagori_123_tri,蒲郡 1-2-3,0,0,,,0
2024-05,naruto_123_tri,鳴門 1-2-3,0,0,,,0
2024-05,karatsu_132_tri,唐津 1-3-2,0,0,,,0
2024-05,tri134_acc2_ex3_tri,1-3-4 全場型,0,0,,,0
2024-05,omura_132_weak2_ex3_tri,大村 1-3-2 弱2展示,0,0,,,0
2024-05,wakamatsu_13_weak2_strong3_exa,若松 1-3,0,0,,,0
2024-05,heiwajima_13_acc2_late_exa,平和島 1-3,0,0,,,0
2024-05,tamagawa_13_weak_sashi2_exa,多摩川 1-3,0,0,,,0
2024-05,marugame_123_weak4_t5_tri,丸亀 1-2-3 弱4型,0,0,,,0
2024-05,marugame_123_late_weak4_t5_tri,丸亀 1-2-3 後半弱4型,0,0,,,0
2024-05,edogawa_132_weak4_t5_tri,江戸川 1-3-2 弱4型,0,0,,,0
2024-05,karatsu_123_weak4_t5_tri,唐津 1-2-3 弱4型,0,0,,,0
2024-05,suminoe_124_weak3_t5_tri,住之江 1-2-4 弱3型,0,0,,,0
2024-06,g23_optb_tri,G2/G3 1-2-3,0,0,,,0
2024-06,gmkf_132_tri,蒲郡 潮 1-3-2,0,0,,,0
2024-06,shimonoseki_123_tri,下関 1-2-3,0,0,,,0
2024-06,tsu_124_tri,津 1-2-4,0,0,,,0
2024-06,amagasaki_143_tri,尼崎 1-4-3,0,0,,,0
2024-06,amagasaki_13_exa,尼崎 1-3,0,0,,,0
2024-06,omura_13_exa,大村 1-3,0,0,,,0
2024-06,ashiya_boat4_exa,芦屋 4-1,0,0,,,0
2024-06,hamanako_14_exa,浜名湖 1-4,0,0,,,0
2024-06,omura_14_exa,大村 1-4,1,0,0.0,-100.0,-100
2024-06,tokuyama_123_tri,徳山 1-2-3,5,2,40.0,224.0,1120
2024-06,tokuyama_13_exa,徳山 1-3,0,0,,,0
2024-06,shimonoseki_132_tri,下関 1-3-2,1,0,0.0,-100.0,-100
2024-06,kojima_124_tri,児島 1-2-4,3,0,0.0,-100.0,-300
2024-06,kojima_13_exa,児島 1-3,4,1,25.0,0.0,0
2024-06,marugame_123_tri,丸亀 1-2-3,0,0,,,0
2024-06,omura_123_tri,大村 1-2-3,0,0,,,0
2024-06,omura_132_tri,大村 1-3-2,0,0,,,0
2024-06,tsu_123_tri,津 1-2-3,0,0,,,0
2024-06,suminoe_123_tri,住之江 1-2-3,0,0,,,0
2024-06,miyajima_tide_132_tri,宮島 潮 1-3-2,0,0,,,0
2024-06,gamagori_tide_132_tri,蒲郡 潮 1-3-2,0,0,,,0
2024-06,marugame_tide_123_tri,丸亀 潮 1-2-3,0,0,,,0
2024-06,fukuoka_tide_132_tri,福岡 潮 1-3-2,4,0,0.0,-100.0,-400
2024-06,gamagori_123_general_practical_tri,蒲郡 一般 1-2-3,0,0,,,0
2024-06,gamagori_13_exa,蒲郡 1-3,0,0,,,0
2024-06,tokuyama_12a_exa,徳山 1-2 A,0,0,,,0
2024-06,tokoname_12_late_a_exa,常滑 1-2 後半A級安定型,2,0,0.0,-100.0,-200
2024-06,tokoname_14_winter_exa,常滑 1-4 冬型,0,0,,,0
2024-06,tokoname_123_late_exst_tri,常滑 1-2-3 後半展示ST型,0,0,,,0
2024-06,toda_123_tri,戸田 1-2-3,0,0,,,0
2024-06,tsu_143_tri,津 1-4-3,0,0,,,0
2024-06,kojima_123_tri,児島 1-2-3,0,0,,,0
2024-06,gamagori_123_tri,蒲郡 1-2-3,0,0,,,0
2024-06,naruto_123_tri,鳴門 1-2-3,0,0,,,0
2024-06,karatsu_132_tri,唐津 1-3-2,0,0,,,0
2024-06,tri134_acc2_ex3_tri,1-3-4 全場型,0,0,,,0
2024-06,omura_132_weak2_ex3_tri,大村 1-3-2 弱2展示,0,0,,,0
2024-06,wakamatsu_13_weak2_strong3_exa,若松 1-3,0,0,,,0
2024-06,heiwajima_13_acc2_late_exa,平和島 1-3,0,0,,,0
2024-06,tamagawa_13_weak_sashi2_exa,多摩川 1-3,0,0,,,0
2024-06,marugame_123_weak4_t5_tri,丸亀 1-2-3 弱4型,0,0,,,0
2024-06,marugame_123_late_weak4_t5_tri,丸亀 1-2-3 後半弱4型,0,0,,,0
2024-06,edogawa_132_weak4_t5_tri,江戸川 1-3-2 弱4型,0,0,,,0
2024-06,karatsu_123_weak4_t5_tri,唐津 1-2-3 弱4型,0,0,,,0
2024-06,suminoe_124_weak3_t5_tri,住之江 1-2-4 弱3型,0,0,,,0
2024-07,g23_optb_tri,G2/G3 1-2-3,0,0,,,0
2024-07,gmkf_132_tri,蒲郡 潮 1-3-2,0,0,,,0
2024-07,shimonoseki_123_tri,下関 1-2-3,0,0,,,0
2024-07,tsu_124_tri,津 1-2-4,0,0,,,0
2024-07,amagasaki_143_tri,尼崎 1-4-3,0,0,,,0
2024-07,amagasaki_13_exa,尼崎 1-3,0,0,,,0
2024-07,omura_13_exa,大村 1-3,0,0,,,0
2024-07,ashiya_boat4_exa,芦屋 4-1,0,0,,,0
2024-07,hamanako_14_exa,浜名湖 1-4,0,0,,,0
2024-07,omura_14_exa,大村 1-4,4,1,25.0,5.0,20
2024-07,tokuyama_123_tri,徳山 1-2-3,6,1,16.7,93.3,560
2024-07,tokuyama_13_exa,徳山 1-3,0,0,,,0
2024-07,shimonoseki_132_tri,下関 1-3-2,3,0,0.0,-100.0,-300
2024-07,kojima_124_tri,児島 1-2-4,1,0,0.0,-100.0,-100
2024-07,kojima_13_exa,児島 1-3,6,2,33.3,-15.0,-90
2024-07,marugame_123_tri,丸亀 1-2-3,0,0,,,0
2024-07,omura_123_tri,大村 1-2-3,0,0,,,0
2024-07,omura_132_tri,大村 1-3-2,0,0,,,0
2024-07,tsu_123_tri,津 1-2-3,0,0,,,0
2024-07,suminoe_123_tri,住之江 1-2-3,0,0,,,0
2024-07,miyajima_tide_132_tri,宮島 潮 1-3-2,0,0,,,0
2024-07,gamagori_tide_132_tri,蒲郡 潮 1-3-2,0,0,,,0
2024-07,marugame_tide_123_tri,丸亀 潮 1-2-3,0,0,,,0
2024-07,fukuoka_tide_132_tri,福岡 潮 1-3-2,0,0,,,0
2024-07,gamagori_123_general_practical_tri,蒲郡 一般 1-2-3,0,0,,,0
2024-07,gamagori_13_exa,蒲郡 1-3,0,0,,,0
2024-07,tokuyama_12a_exa,徳山 1-2 A,0,0,,,0
2024-07,tokoname_12_late_a_exa,常滑 1-2 後半A級安定型,0,0,,,0
2024-07,tokoname_14_winter_exa,常滑 1-4 冬型,0,0,,,0
2024-07,tokoname_123_late_exst_tri,常滑 1-2-3 後半展示ST型,0,0,,,0
2024-07,toda_123_tri,戸田 1-2-3,0,0,,,0
2024-07,tsu_143_tri,津 1-4-3,0,0,,,0
2024-07,kojima_123_tri,児島 1-2-3,0,0,,,0
2024-07,gamagori_123_tri,蒲郡 1-2-3,0,0,,,0
2024-07,naruto_123_tri,鳴門 1-2-3,0,0,,,0
2024-07,karatsu_132_tri,唐津 1-3-2,0,0,,,0
2024-07,tri134_acc2_ex3_tri,1-3-4 全場型,0,0,,,0
2024-07,omura_132_weak2_ex3_tri,大村 1-3-2 弱2展示,0,0,,,0
2024-07,wakamatsu_13_weak2_strong3_exa,若松 1-3,0,0,,,0
2024-07,heiwajima_13_acc2_late_exa,平和島 1-3,0,0,,,0
2024-07,tamagawa_13_weak_sashi2_exa,多摩川 1-3,0,0,,,0
2024-07,marugame_123_weak4_t5_tri,丸亀 1-2-3 弱4型,0,0,,,0
2024-07,marugame_123_late_weak4_t5_tri,丸亀 1-2-3 後半弱4型,0,0,,,0
2024-07,edogawa_132_weak4_t5_tri,江戸川 1-3-2 弱4型,0,0,,,0
2024-07,karatsu_123_weak4_t5_tri,唐津 1-2-3 弱4型,0,0,,,0
2024-07,suminoe_124_weak3_t5_tri,住之江 1-2-4 弱3型,0,0,,,0
2024-08,g23_optb_tri,G2/G3 1-2-3,0,0,,,0
2024-08,gmkf_132_tri,蒲郡 潮 1-3-2,0,0,,,0
2024-08,shimonoseki_123_tri,下関 1-2-3,0,0,,,0
2024-08,tsu_124_tri,津 1-2-4,0,0,,,0
2024-08,amagasaki_143_tri,尼崎 1-4-3,0,0,,,0
2024-08,amagasaki_13_exa,尼崎 1-3,0,0,,,0
2024-08,omura_13_exa,大村 1-3,0,0,,,0
2024-08,ashiya_boat4_exa,芦屋 4-1,0,0,,,0
2024-08,hamanako_14_exa,浜名湖 1-4,0,0,,,0
2024-08,omura_14_exa,大村 1-4,1,0,0.0,-100.0,-100
2024-08,tokuyama_123_tri,徳山 1-2-3,4,1,25.0,210.0,840
2024-08,tokuyama_13_exa,徳山 1-3,0,0,,,0
2024-08,shimonoseki_132_tri,下関 1-3-2,7,1,14.3,20.0,140
2024-08,kojima_124_tri,児島 1-2-4,0,0,,,0
2024-08,kojima_13_exa,児島 1-3,5,1,20.0,-16.0,-80
2024-08,marugame_123_tri,丸亀 1-2-3,5,1,20.0,94.0,470
2024-08,omura_123_tri,大村 1-2-3,0,0,,,0
2024-08,omura_132_tri,大村 1-3-2,0,0,,,0
2024-08,tsu_123_tri,津 1-2-3,0,0,,,0
2024-08,suminoe_123_tri,住之江 1-2-3,0,0,,,0
2024-08,miyajima_tide_132_tri,宮島 潮 1-3-2,0,0,,,0
2024-08,gamagori_tide_132_tri,蒲郡 潮 1-3-2,0,0,,,0
2024-08,marugame_tide_123_tri,丸亀 潮 1-2-3,0,0,,,0
2024-08,fukuoka_tide_132_tri,福岡 潮 1-3-2,2,1,50.0,185.0,370
2024-08,gamagori_123_general_practical_tri,蒲郡 一般 1-2-3,0,0,,,0
2024-08,gamagori_13_exa,蒲郡 1-3,0,0,,,0
2024-08,tokuyama_12a_exa,徳山 1-2 A,0,0,,,0
2024-08,tokoname_12_late_a_exa,常滑 1-2 後半A級安定型,0,0,,,0
2024-08,tokoname_14_winter_exa,常滑 1-4 冬型,0,0,,,0
2024-08,tokoname_123_late_exst_tri,常滑 1-2-3 後半展示ST型,0,0,,,0
2024-08,toda_123_tri,戸田 1-2-3,0,0,,,0
2024-08,tsu_143_tri,津 1-4-3,0,0,,,0
2024-08,kojima_123_tri,児島 1-2-3,0,0,,,0
2024-08,gamagori_123_tri,蒲郡 1-2-3,0,0,,,0
2024-08,naruto_123_tri,鳴門 1-2-3,0,0,,,0
2024-08,karatsu_132_tri,唐津 1-3-2,0,0,,,0
2024-08,tri134_acc2_ex3_tri,1-3-4 全場型,0,0,,,0
2024-08,omura_132_weak2_ex3_tri,大村 1-3-2 弱2展示,0,0,,,0
2024-08,wakamatsu_13_weak2_strong3_exa,若松 1-3,0,0,,,0
2024-08,heiwajima_13_acc2_late_exa,平和島 1-3,0,0,,,0
2024-08,tamagawa_13_weak_sashi2_exa,多摩川 1-3,0,0,,,0
2024-08,marugame_123_weak4_t5_tri,丸亀 1-2-3 弱4型,0,0,,,0
2024-08,marugame_123_late_weak4_t5_tri,丸亀 1-2-3 後半弱4型,0,0,,,0
2024-08,edogawa_132_weak4_t5_tri,江戸川 1-3-2 弱4型,0,0,,,0
2024-08,karatsu_123_weak4_t5_tri,唐津 1-2-3 弱4型,0,0,,,0
2024-08,suminoe_124_weak3_t5_tri,住之江 1-2-4 弱3型,0,0,,,0
2024-09,g23_optb_tri,G2/G3 1-2-3,0,0,,,0
2024-09,gmkf_132_tri,蒲郡 潮 1-3-2,0,0,,,0
2024-09,shimonoseki_123_tri,下関 1-2-3,0,0,,,0
2024-09,tsu_124_tri,津 1-2-4,0,0,,,0
2024-09,amagasaki_143_tri,尼崎 1-4-3,0,0,,,0
2024-09,amagasaki_13_exa,尼崎 1-3,0,0,,,0
2024-09,omura_13_exa,大村 1-3,0,0,,,0
2024-09,ashiya_boat4_exa,芦屋 4-1,0,0,,,0
2024-09,hamanako_14_exa,浜名湖 1-4,2,0,0.0,-100.0,-200
2024-09,omura_14_exa,大村 1-4,0,0,,,0
2024-09,tokuyama_123_tri,徳山 1-2-3,3,1,33.3,116.7,350
2024-09,tokuyama_13_exa,徳山 1-3,0,0,,,0
2024-09,shimonoseki_132_tri,下関 1-3-2,3,0,0.0,-100.0,-300
2024-09,kojima_124_tri,児島 1-2-4,0,0,,,0
2024-09,kojima_13_exa,児島 1-3,0,0,,,0
2024-09,marugame_123_tri,丸亀 1-2-3,1,0,0.0,-100.0,-100
2024-09,omura_123_tri,大村 1-2-3,0,0,,,0
2024-09,omura_132_tri,大村 1-3-2,0,0,,,0
2024-09,tsu_123_tri,津 1-2-3,0,0,,,0
2024-09,suminoe_123_tri,住之江 1-2-3,0,0,,,0
2024-09,miyajima_tide_132_tri,宮島 潮 1-3-2,0,0,,,0
2024-09,gamagori_tide_132_tri,蒲郡 潮 1-3-2,0,0,,,0
2024-09,marugame_tide_123_tri,丸亀 潮 1-2-3,0,0,,,0
2024-09,fukuoka_tide_132_tri,福岡 潮 1-3-2,4,0,0.0,-100.0,-400
2024-09,gamagori_123_general_practical_tri,蒲郡 一般 1-2-3,0,0,,,0
2024-09,gamagori_13_exa,蒲郡 1-3,0,0,,,0
2024-09,tokuyama_12a_exa,徳山 1-2 A,0,0,,,0
2024-09,tokoname_12_late_a_exa,常滑 1-2 後半A級安定型,0,0,,,0
2024-09,tokoname_14_winter_exa,常滑 1-4 冬型,0,0,,,0
2024-09,tokoname_123_late_exst_tri,常滑 1-2-3 後半展示ST型,0,0,,,0
2024-09,toda_123_tri,戸田 1-2-3,0,0,,,0
2024-09,tsu_143_tri,津 1-4-3,0,0,,,0
2024-09,kojima_123_tri,児島 1-2-3,0,0,,,0
2024-09,gamagori_123_tri,蒲郡 1-2-3,1,0,0.0,-100.0,-100
2024-09,naruto_123_tri,鳴門 1-2-3,0,0,,,0
2024-09,karatsu_132_tri,唐津 1-3-2,0,0,,,0
2024-09,tri134_acc2_ex3_tri,1-3-4 全場型,0,0,,,0
2024-09,omura_132_weak2_ex3_tri,大村 1-3-2 弱2展示,0,0,,,0
2024-09,wakamatsu_13_weak2_strong3_exa,若松 1-3,0,0,,,0
2024-09,heiwajima_13_acc2_late_exa,平和島 1-3,0,0,,,0
2024-09,tamagawa_13_weak_sashi2_exa,多摩川 1-3,0,0,,,0
2024-09,marugame_123_weak4_t5_tri,丸亀 1-2-3 弱4型,0,0,,,0
2024-09,marugame_123_late_weak4_t5_tri,丸亀 1-2-3 後半弱4型,0,0,,,0
2024-09,edogawa_132_weak4_t5_tri,江戸川 1-3-2 弱4型,0,0,,,0
2024-09,karatsu_123_weak4_t5_tri,唐津 1-2-3 弱4型,0,0,,,0
2024-09,suminoe_124_weak3_t5_tri,住之江 1-2-4 弱3型,0,0,,,0
2024-10,g23_optb_tri,G2/G3 1-2-3,0,0,,,0
2024-10,gmkf_132_tri,蒲郡 潮 1-3-2,0,0,,,0
2024-10,shimonoseki_123_tri,下関 1-2-3,0,0,,,0
2024-10,tsu_124_tri,津 1-2-4,0,0,,,0
2024-10,amagasaki_143_tri,尼崎 1-4-3,0,0,,,0
2024-10,amagasaki_13_exa,尼崎 1-3,0,0,,,0
2024-10,omura_13_exa,大村 1-3,0,0,,,0
2024-10,ashiya_boat4_exa,芦屋 4-1,0,0,,,0
2024-10,hamanako_14_exa,浜名湖 1-4,3,3,100.0,360.0,1080
2024-10,omura_14_exa,大村 1-4,0,0,,,0
2024-10,tokuyama_123_tri,徳山 1-2-3,1,0,0.0,-100.0,-100
2024-10,tokuyama_13_exa,徳山 1-3,0,0,,,0
2024-10,shimonoseki_132_tri,下関 1-3-2,5,0,0.0,-100.0,-500
2024-10,kojima_124_tri,児島 1-2-4,0,0,,,0
2024-10,kojima_13_exa,児島 1-3,2,0,0.0,-100.0,-200
2024-10,marugame_123_tri,丸亀 1-2-3,3,0,0.0,-100.0,-300
2024-10,omura_123_tri,大村 1-2-3,0,0,,,0
2024-10,omura_132_tri,大村 1-3-2,0,0,,,0
2024-10,tsu_123_tri,津 1-2-3,0,0,,,0
2024-10,suminoe_123_tri,住之江 1-2-3,0,0,,,0
2024-10,miyajima_tide_132_tri,宮島 潮 1-3-2,0,0,,,0
2024-10,gamagori_tide_132_tri,蒲郡 潮 1-3-2,0,0,,,0
2024-10,marugame_tide_123_tri,丸亀 潮 1-2-3,0,0,,,0
2024-10,fukuoka_tide_132_tri,福岡 潮 1-3-2,2,0,0.0,-100.0,-200
2024-10,gamagori_123_general_practical_tri,蒲郡 一般 1-2-3,0,0,,,0
2024-10,gamagori_13_exa,蒲郡 1-3,0,0,,,0
2024-10,tokuyama_12a_exa,徳山 1-2 A,0,0,,,0
2024-10,tokoname_12_late_a_exa,常滑 1-2 後半A級安定型,1,1,100.0,150.0,150
2024-10,tokoname_14_winter_exa,常滑 1-4 冬型,0,0,,,0
2024-10,tokoname_123_late_exst_tri,常滑 1-2-3 後半展示ST型,0,0,,,0
2024-10,toda_123_tri,戸田 1-2-3,1,0,0.0,-100.0,-100
2024-10,tsu_143_tri,津 1-4-3,0,0,,,0
2024-10,kojima_123_tri,児島 1-2-3,0,0,,,0
2024-10,gamagori_123_tri,蒲郡 1-2-3,0,0,,,0
2024-10,naruto_123_tri,鳴門 1-2-3,0,0,,,0
2024-10,karatsu_132_tri,唐津 1-3-2,0,0,,,0
2024-10,tri134_acc2_ex3_tri,1-3-4 全場型,0,0,,,0
2024-10,omura_132_weak2_ex3_tri,大村 1-3-2 弱2展示,0,0,,,0
2024-10,wakamatsu_13_weak2_strong3_exa,若松 1-3,0,0,,,0
2024-10,heiwajima_13_acc2_late_exa,平和島 1-3,0,0,,,0
2024-10,tamagawa_13_weak_sashi2_exa,多摩川 1-3,0,0,,,0
2024-10,marugame_123_weak4_t5_tri,丸亀 1-2-3 弱4型,0,0,,,0
2024-10,marugame_123_late_weak4_t5_tri,丸亀 1-2-3 後半弱4型,0,0,,,0
2024-10,edogawa_132_weak4_t5_tri,江戸川 1-3-2 弱4型,0,0,,,0
2024-10,karatsu_123_weak4_t5_tri,唐津 1-2-3 弱4型,0,0,,,0
2024-10,suminoe_124_weak3_t5_tri,住之江 1-2-4 弱3型,0,0,,,0
2024-11,g23_optb_tri,G2/G3 1-2-3,0,0,,,0
2024-11,gmkf_132_tri,蒲郡 潮 1-3-2,1,0,0.0,-100.0,-100
2024-11,shimonoseki_123_tri,下関 1-2-3,0,0,,,0
2024-11,tsu_124_tri,津 1-2-4,0,0,,,0
2024-11,amagasaki_143_tri,尼崎 1-4-3,0,0,,,0
2024-11,amagasaki_13_exa,尼崎 1-3,0,0,,,0
2024-11,omura_13_exa,大村 1-3,0,0,,,0
2024-11,ashiya_boat4_exa,芦屋 4-1,0,0,,,0
2024-11,hamanako_14_exa,浜名湖 1-4,0,0,,,0
2024-11,omura_14_exa,大村 1-4,0,0,,,0
2024-11,tokuyama_123_tri,徳山 1-2-3,0,0,,,0
2024-11,tokuyama_13_exa,徳山 1-3,2,0,0.0,-100.0,-200
2024-11,shimonoseki_132_tri,下関 1-3-2,12,3,25.0,146.7,1760
2024-11,kojima_124_tri,児島 1-2-4,0,0,,,0
2024-11,kojima_13_exa,児島 1-3,0,0,,,0
2024-11,marugame_123_tri,丸亀 1-2-3,5,0,0.0,-100.0,-500
2024-11,omura_123_tri,大村 1-2-3,0,0,,,0
2024-11,omura_132_tri,大村 1-3-2,0,0,,,0
2024-11,tsu_123_tri,津 1-2-3,0,0,,,0
2024-11,suminoe_123_tri,住之江 1-2-3,1,0,0.0,-100.0,-100
2024-11,miyajima_tide_132_tri,宮島 潮 1-3-2,0,0,,,0
2024-11,gamagori_tide_132_tri,蒲郡 潮 1-3-2,0,0,,,0
2024-11,marugame_tide_123_tri,丸亀 潮 1-2-3,0,0,,,0
2024-11,fukuoka_tide_132_tri,福岡 潮 1-3-2,0,0,,,0
2024-11,gamagori_123_general_practical_tri,蒲郡 一般 1-2-3,0,0,,,0
2024-11,gamagori_13_exa,蒲郡 1-3,0,0,,,0
2024-11,tokuyama_12a_exa,徳山 1-2 A,0,0,,,0
2024-11,tokoname_12_late_a_exa,常滑 1-2 後半A級安定型,0,0,,,0
2024-11,tokoname_14_winter_exa,常滑 1-4 冬型,0,0,,,0
2024-11,tokoname_123_late_exst_tri,常滑 1-2-3 後半展示ST型,0,0,,,0
2024-11,toda_123_tri,戸田 1-2-3,0,0,,,0
2024-11,tsu_143_tri,津 1-4-3,0,0,,,0
2024-11,kojima_123_tri,児島 1-2-3,0,0,,,0
2024-11,gamagori_123_tri,蒲郡 1-2-3,0,0,,,0
2024-11,naruto_123_tri,鳴門 1-2-3,0,0,,,0
2024-11,karatsu_132_tri,唐津 1-3-2,0,0,,,0
2024-11,tri134_acc2_ex3_tri,1-3-4 全場型,0,0,,,0
2024-11,omura_132_weak2_ex3_tri,大村 1-3-2 弱2展示,0,0,,,0
2024-11,wakamatsu_13_weak2_strong3_exa,若松 1-3,0,0,,,0
2024-11,heiwajima_13_acc2_late_exa,平和島 1-3,0,0,,,0
2024-11,tamagawa_13_weak_sashi2_exa,多摩川 1-3,0,0,,,0
2024-11,marugame_123_weak4_t5_tri,丸亀 1-2-3 弱4型,0,0,,,0
2024-11,marugame_123_late_weak4_t5_tri,丸亀 1-2-3 後半弱4型,0,0,,,0
2024-11,edogawa_132_weak4_t5_tri,江戸川 1-3-2 弱4型,0,0,,,0
2024-11,karatsu_123_weak4_t5_tri,唐津 1-2-3 弱4型,0,0,,,0
2024-11,suminoe_124_weak3_t5_tri,住之江 1-2-4 弱3型,0,0,,,0
2024-12,g23_optb_tri,G2/G3 1-2-3,0,0,,,0
2024-12,gmkf_132_tri,蒲郡 潮 1-3-2,2,0,0.0,-100.0,-200
2024-12,shimonoseki_123_tri,下関 1-2-3,2,1,50.0,120.0,240
2024-12,tsu_124_tri,津 1-2-4,0,0,,,0
2024-12,amagasaki_143_tri,尼崎 1-4-3,0,0,,,0
2024-12,amagasaki_13_exa,尼崎 1-3,0,0,,,0
2024-12,omura_13_exa,大村 1-3,0,0,,,0
2024-12,ashiya_boat4_exa,芦屋 4-1,0,0,,,0
2024-12,hamanako_14_exa,浜名湖 1-4,0,0,,,0
2024-12,omura_14_exa,大村 1-4,0,0,,,0
2024-12,tokuyama_123_tri,徳山 1-2-3,1,0,0.0,-100.0,-100
2024-12,tokuyama_13_exa,徳山 1-3,4,0,0.0,-100.0,-400
2024-12,shimonoseki_132_tri,下関 1-3-2,4,1,25.0,120.0,480
2024-12,kojima_124_tri,児島 1-2-4,1,0,0.0,-100.0,-100
2024-12,kojima_13_exa,児島 1-3,2,0,0.0,-100.0,-200
2024-12,marugame_123_tri,丸亀 1-2-3,1,0,0.0,-100.0,-100
2024-12,omura_123_tri,大村 1-2-3,4,4,100.0,940.0,3760
2024-12,omura_132_tri,大村 1-3-2,0,0,,,0
2024-12,tsu_123_tri,津 1-2-3,0,0,,,0
2024-12,suminoe_123_tri,住之江 1-2-3,2,0,0.0,-100.0,-200
2024-12,miyajima_tide_132_tri,宮島 潮 1-3-2,0,0,,,0
2024-12,gamagori_tide_132_tri,蒲郡 潮 1-3-2,0,0,,,0
2024-12,marugame_tide_123_tri,丸亀 潮 1-2-3,0,0,,,0
2024-12,fukuoka_tide_132_tri,福岡 潮 1-3-2,0,0,,,0
2024-12,gamagori_123_general_practical_tri,蒲郡 一般 1-2-3,0,0,,,0
2024-12,gamagori_13_exa,蒲郡 1-3,0,0,,,0
2024-12,tokuyama_12a_exa,徳山 1-2 A,0,0,,,0
2024-12,tokoname_12_late_a_exa,常滑 1-2 後半A級安定型,1,0,0.0,-100.0,-100
2024-12,tokoname_14_winter_exa,常滑 1-4 冬型,4,3,75.0,417.5,1670
2024-12,tokoname_123_late_exst_tri,常滑 1-2-3 後半展示ST型,1,0,0.0,-100.0,-100
2024-12,toda_123_tri,戸田 1-2-3,0,0,,,0
2024-12,tsu_143_tri,津 1-4-3,0,0,,,0
2024-12,kojima_123_tri,児島 1-2-3,0,0,,,0
2024-12,gamagori_123_tri,蒲郡 1-2-3,0,0,,,0
2024-12,naruto_123_tri,鳴門 1-2-3,0,0,,,0
2024-12,karatsu_132_tri,唐津 1-3-2,0,0,,,0
2024-12,tri134_acc2_ex3_tri,1-3-4 全場型,0,0,,,0
2024-12,omura_132_weak2_ex3_tri,大村 1-3-2 弱2展示,0,0,,,0
2024-12,wakamatsu_13_weak2_strong3_exa,若松 1-3,0,0,,,0
2024-12,heiwajima_13_acc2_late_exa,平和島 1-3,0,0,,,0
2024-12,tamagawa_13_weak_sashi2_exa,多摩川 1-3,0,0,,,0
2024-12,marugame_123_weak4_t5_tri,丸亀 1-2-3 弱4型,0,0,,,0
2024-12,marugame_123_late_weak4_t5_tri,丸亀 1-2-3 後半弱4型,0,0,,,0
2024-12,edogawa_132_weak4_t5_tri,江戸川 1-3-2 弱4型,0,0,,,0
2024-12,karatsu_123_weak4_t5_tri,唐津 1-2-3 弱4型,0,0,,,0
2024-12,suminoe_124_weak3_t5_tri,住之江 1-2-4 弱3型,0,0,,,0
2025-01,g23_optb_tri,G2/G3 1-2-3,0,0,,,0
2025-01,gmkf_132_tri,蒲郡 潮 1-3-2,3,0,0.0,-100.0,-300
2025-01,shimonoseki_123_tri,下関 1-2-3,2,0,0.0,-100.0,-200
2025-01,tsu_124_tri,津 1-2-4,0,0,,,0
2025-01,amagasaki_143_tri,尼崎 1-4-3,0,0,,,0
2025-01,amagasaki_13_exa,尼崎 1-3,0,0,,,0
2025-01,omura_13_exa,大村 1-3,6,0,0.0,-100.0,-600
2025-01,ashiya_boat4_exa,芦屋 4-1,0,0,,,0
2025-01,hamanako_14_exa,浜名湖 1-4,0,0,,,0
2025-01,omura_14_exa,大村 1-4,3,1,33.3,-10.0,-30
2025-01,tokuyama_123_tri,徳山 1-2-3,0,0,,,0
2025-01,tokuyama_13_exa,徳山 1-3,3,0,0.0,-100.0,-300
2025-01,shimonoseki_132_tri,下関 1-3-2,14,1,7.1,-47.1,-660
2025-01,kojima_124_tri,児島 1-2-4,2,1,50.0,375.0,750
2025-01,kojima_13_exa,児島 1-3,6,2,33.3,0.0,0
2025-01,marugame_123_tri,丸亀 1-2-3,0,0,,,0
2025-01,omura_123_tri,大村 1-2-3,1,1,100.0,790.0,790
2025-01,omura_132_tri,大村 1-3-2,0,0,,,0
2025-01,tsu_123_tri,津 1-2-3,1,0,0.0,-100.0,-100
2025-01,suminoe_123_tri,住之江 1-2-3,0,0,,,0
2025-01,miyajima_tide_132_tri,宮島 潮 1-3-2,0,0,,,0
2025-01,gamagori_tide_132_tri,蒲郡 潮 1-3-2,0,0,,,0
2025-01,marugame_tide_123_tri,丸亀 潮 1-2-3,0,0,,,0
2025-01,fukuoka_tide_132_tri,福岡 潮 1-3-2,0,0,,,0
2025-01,gamagori_123_general_practical_tri,蒲郡 一般 1-2-3,0,0,,,0
2025-01,gamagori_13_exa,蒲郡 1-3,0,0,,,0
2025-01,tokuyama_12a_exa,徳山 1-2 A,2,0,0.0,-100.0,-200
2025-01,tokoname_12_late_a_exa,常滑 1-2 後半A級安定型,4,1,25.0,-30.0,-120
2025-01,tokoname_14_winter_exa,常滑 1-4 冬型,1,0,0.0,-100.0,-100
2025-01,tokoname_123_late_exst_tri,常滑 1-2-3 後半展示ST型,6,1,16.7,66.7,400
2025-01,toda_123_tri,戸田 1-2-3,0,0,,,0
2025-01,tsu_143_tri,津 1-4-3,0,0,,,0
2025-01,kojima_123_tri,児島 1-2-3,0,0,,,0
2025-01,gamagori_123_tri,蒲郡 1-2-3,0,0,,,0
2025-01,naruto_123_tri,鳴門 1-2-3,0,0,,,0
2025-01,karatsu_132_tri,唐津 1-3-2,0,0,,,0
2025-01,tri134_acc2_ex3_tri,1-3-4 全場型,0,0,,,0
2025-01,omura_132_weak2_ex3_tri,大村 1-3-2 弱2展示,3,0,0.0,-100.0,-300
2025-01,wakamatsu_13_weak2_strong3_exa,若松 1-3,0,0,,,0
2025-01,heiwajima_13_acc2_late_exa,平和島 1-3,0,0,,,0
2025-01,tamagawa_13_weak_sashi2_exa,多摩川 1-3,0,0,,,0
2025-01,marugame_123_weak4_t5_tri,丸亀 1-2-3 弱4型,0,0,,,0
2025-01,marugame_123_late_weak4_t5_tri,丸亀 1-2-3 後半弱4型,0,0,,,0
2025-01,edogawa_132_weak4_t5_tri,江戸川 1-3-2 弱4型,0,0,,,0
2025-01,karatsu_123_weak4_t5_tri,唐津 1-2-3 弱4型,0,0,,,0
2025-01,suminoe_124_weak3_t5_tri,住之江 1-2-4 弱3型,0,0,,,0
2025-02,g23_optb_tri,G2/G3 1-2-3,0,0,,,0
2025-02,gmkf_132_tri,蒲郡 潮 1-3-2,3,0,0.0,-100.0,-300
2025-02,shimonoseki_123_tri,下関 1-2-3,1,0,0.0,-100.0,-100
2025-02,tsu_124_tri,津 1-2-4,0,0,,,0
2025-02,amagasaki_143_tri,尼崎 1-4-3,0,0,,,0
2025-02,amagasaki_13_exa,尼崎 1-3,0,0,,,0
2025-02,omura_13_exa,大村 1-3,7,2,28.6,-42.9,-300
2025-02,ashiya_boat4_exa,芦屋 4-1,0,0,,,0
2025-02,hamanako_14_exa,浜名湖 1-4,0,0,,,0
2025-02,omura_14_exa,大村 1-4,2,1,50.0,160.0,320
2025-02,tokuyama_123_tri,徳山 1-2-3,0,0,,,0
2025-02,tokuyama_13_exa,徳山 1-3,4,2,50.0,67.5,270
2025-02,shimonoseki_132_tri,下関 1-3-2,2,1,50.0,325.0,650
2025-02,kojima_124_tri,児島 1-2-4,2,1,50.0,315.0,630
2025-02,kojima_13_exa,児島 1-3,2,1,50.0,130.0,260
2025-02,marugame_123_tri,丸亀 1-2-3,0,0,,,0
2025-02,omura_123_tri,大村 1-2-3,2,1,50.0,65.0,130
2025-02,omura_132_tri,大村 1-3-2,0,0,,,0
2025-02,tsu_123_tri,津 1-2-3,0,0,,,0
2025-02,suminoe_123_tri,住之江 1-2-3,1,0,0.0,-100.0,-100
2025-02,miyajima_tide_132_tri,宮島 潮 1-3-2,0,0,,,0
2025-02,gamagori_tide_132_tri,蒲郡 潮 1-3-2,0,0,,,0
2025-02,marugame_tide_123_tri,丸亀 潮 1-2-3,0,0,,,0
2025-02,fukuoka_tide_132_tri,福岡 潮 1-3-2,0,0,,,0
2025-02,gamagori_123_general_practical_tri,蒲郡 一般 1-2-3,0,0,,,0
2025-02,gamagori_13_exa,蒲郡 1-3,0,0,,,0
2025-02,tokuyama_12a_exa,徳山 1-2 A,0,0,,,0
2025-02,tokoname_12_late_a_exa,常滑 1-2 後半A級安定型,0,0,,,0
2025-02,tokoname_14_winter_exa,常滑 1-4 冬型,0,0,,,0
2025-02,tokoname_123_late_exst_tri,常滑 1-2-3 後半展示ST型,0,0,,,0
2025-02,toda_123_tri,戸田 1-2-3,0,0,,,0
2025-02,tsu_143_tri,津 1-4-3,0,0,,,0
2025-02,kojima_123_tri,児島 1-2-3,0,0,,,0
2025-02,gamagori_123_tri,蒲郡 1-2-3,0,0,,,0
2025-02,naruto_123_tri,鳴門 1-2-3,1,0,0.0,-100.0,-100
2025-02,karatsu_132_tri,唐津 1-3-2,0,0,,,0
2025-02,tri134_acc2_ex3_tri,1-3-4 全場型,0,0,,,0
2025-02,omura_132_weak2_ex3_tri,大村 1-3-2 弱2展示,11,3,27.3,173.6,1910
2025-02,wakamatsu_13_weak2_strong3_exa,若松 1-3,0,0,,,0
2025-02,heiwajima_13_acc2_late_exa,平和島 1-3,0,0,,,0
2025-02,tamagawa_13_weak_sashi2_exa,多摩川 1-3,0,0,,,0
2025-02,marugame_123_weak4_t5_tri,丸亀 1-2-3 弱4型,0,0,,,0
2025-02,marugame_123_late_weak4_t5_tri,丸亀 1-2-3 後半弱4型,0,0,,,0
2025-02,edogawa_132_weak4_t5_tri,江戸川 1-3-2 弱4型,0,0,,,0
2025-02,karatsu_123_weak4_t5_tri,唐津 1-2-3 弱4型,0,0,,,0
2025-02,suminoe_124_weak3_t5_tri,住之江 1-2-4 弱3型,0,0,,,0
2025-03,g23_optb_tri,G2/G3 1-2-3,0,0,,,0
2025-03,gmkf_132_tri,蒲郡 潮 1-3-2,2,0,0.0,-100.0,-200
2025-03,shimonoseki_123_tri,下関 1-2-3,1,0,0.0,-100.0,-100
2025-03,tsu_124_tri,津 1-2-4,0,0,,,0
2025-03,amagasaki_143_tri,尼崎 1-4-3,0,0,,,0
2025-03,amagasaki_13_exa,尼崎 1-3,0,0,,,0
2025-03,omura_13_exa,大村 1-3,0,0,,,0
2025-03,ashiya_boat4_exa,芦屋 4-1,0,0,,,0
2025-03,hamanako_14_exa,浜名湖 1-4,0,0,,,0
2025-03,omura_14_exa,大村 1-4,1,0,0.0,-100.0,-100
2025-03,tokuyama_123_tri,徳山 1-2-3,0,0,,,0
2025-03,tokuyama_13_exa,徳山 1-3,3,0,0.0,-100.0,-300
2025-03,shimonoseki_132_tri,下関 1-3-2,2,0,0.0,-100.0,-200
2025-03,kojima_124_tri,児島 1-2-4,1,0,0.0,-100.0,-100
2025-03,kojima_13_exa,児島 1-3,1,0,0.0,-100.0,-100
2025-03,marugame_123_tri,丸亀 1-2-3,0,0,,,0
2025-03,omura_123_tri,大村 1-2-3,0,0,,,0
2025-03,omura_132_tri,大村 1-3-2,0,0,,,0
2025-03,tsu_123_tri,津 1-2-3,0,0,,,0
2025-03,suminoe_123_tri,住之江 1-2-3,0,0,,,0
2025-03,miyajima_tide_132_tri,宮島 潮 1-3-2,0,0,,,0
2025-03,gamagori_tide_132_tri,蒲郡 潮 1-3-2,0,0,,,0
2025-03,marugame_tide_123_tri,丸亀 潮 1-2-3,0,0,,,0
2025-03,fukuoka_tide_132_tri,福岡 潮 1-3-2,2,1,50.0,200.0,400
2025-03,gamagori_123_general_practical_tri,蒲郡 一般 1-2-3,0,0,,,0
2025-03,gamagori_13_exa,蒲郡 1-3,0,0,,,0
2025-03,tokuyama_12a_exa,徳山 1-2 A,5,0,0.0,-100.0,-500
2025-03,tokoname_12_late_a_exa,常滑 1-2 後半A級安定型,4,0,0.0,-100.0,-400
2025-03,tokoname_14_winter_exa,常滑 1-4 冬型,0,0,,,0
2025-03,tokoname_123_late_exst_tri,常滑 1-2-3 後半展示ST型,10,2,20.0,32.0,320
2025-03,toda_123_tri,戸田 1-2-3,0,0,,,0
2025-03,tsu_143_tri,津 1-4-3,0,0,,,0
2025-03,kojima_123_tri,児島 1-2-3,0,0,,,0
2025-03,gamagori_123_tri,蒲郡 1-2-3,0,0,,,0
2025-03,naruto_123_tri,鳴門 1-2-3,0,0,,,0
2025-03,karatsu_132_tri,唐津 1-3-2,0,0,,,0
2025-03,tri134_acc2_ex3_tri,1-3-4 全場型,0,0,,,0
2025-03,omura_132_weak2_ex3_tri,大村 1-3-2 弱2展示,0,0,,,0
2025-03,wakamatsu_13_weak2_strong3_exa,若松 1-3,0,0,,,0
2025-03,heiwajima_13_acc2_late_exa,平和島 1-3,0,0,,,0
2025-03,tamagawa_13_weak_sashi2_exa,多摩川 1-3,0,0,,,0
2025-03,marugame_123_weak4_t5_tri,丸亀 1-2-3 弱4型,0,0,,,0
2025-03,marugame_123_late_weak4_t5_tri,丸亀 1-2-3 後半弱4型,0,0,,,0
2025-03,edogawa_132_weak4_t5_tri,江戸川 1-3-2 弱4型,0,0,,,0
2025-03,karatsu_123_weak4_t5_tri,唐津 1-2-3 弱4型,0,0,,,0
2025-03,suminoe_124_weak3_t5_tri,住之江 1-2-4 弱3型,0,0,,,0
2025-04,g23_optb_tri,G2/G3 1-2-3,0,0,,,0
2025-04,gmkf_132_tri,蒲郡 潮 1-3-2,4,0,0.0,-100.0,-400
2025-04,shimonoseki_123_tri,下関 1-2-3,0,0,,,0
2025-04,tsu_124_tri,津 1-2-4,0,0,,,0
2025-04,amagasaki_143_tri,尼崎 1-4-3,0,0,,,0
2025-04,amagasaki_13_exa,尼崎 1-3,0,0,,,0
2025-04,omura_13_exa,大村 1-3,2,1,50.0,20.0,40
2025-04,ashiya_boat4_exa,芦屋 4-1,0,0,,,0
2025-04,hamanako_14_exa,浜名湖 1-4,0,0,,,0
2025-04,omura_14_exa,大村 1-4,0,0,,,0
2025-04,tokuyama_123_tri,徳山 1-2-3,0,0,,,0
2025-04,tokuyama_13_exa,徳山 1-3,2,0,0.0,-100.0,-200
2025-04,shimonoseki_132_tri,下関 1-3-2,3,1,33.3,180.0,540
2025-04,kojima_124_tri,児島 1-2-4,0,0,,,0
2025-04,kojima_13_exa,児島 1-3,0,0,,,0
2025-04,marugame_123_tri,丸亀 1-2-3,0,0,,,0
2025-04,omura_123_tri,大村 1-2-3,0,0,,,0
2025-04,omura_132_tri,大村 1-3-2,0,0,,,0
2025-04,tsu_123_tri,津 1-2-3,0,0,,,0
2025-04,suminoe_123_tri,住之江 1-2-3,0,0,,,0
2025-04,miyajima_tide_132_tri,宮島 潮 1-3-2,0,0,,,0
2025-04,gamagori_tide_132_tri,蒲郡 潮 1-3-2,0,0,,,0
2025-04,marugame_tide_123_tri,丸亀 潮 1-2-3,0,0,,,0
2025-04,fukuoka_tide_132_tri,福岡 潮 1-3-2,1,0,0.0,-100.0,-100
2025-04,gamagori_123_general_practical_tri,蒲郡 一般 1-2-3,0,0,,,0
2025-04,gamagori_13_exa,蒲郡 1-3,0,0,,,0
2025-04,tokuyama_12a_exa,徳山 1-2 A,1,1,100.0,140.0,140
2025-04,tokoname_12_late_a_exa,常滑 1-2 後半A級安定型,0,0,,,0
2025-04,tokoname_14_winter_exa,常滑 1-4 冬型,0,0,,,0
2025-04,tokoname_123_late_exst_tri,常滑 1-2-3 後半展示ST型,3,1,33.3,156.7,470
2025-04,toda_123_tri,戸田 1-2-3,0,0,,,0
2025-04,tsu_143_tri,津 1-4-3,0,0,,,0
2025-04,kojima_123_tri,児島 1-2-3,0,0,,,0
2025-04,gamagori_123_tri,蒲郡 1-2-3,0,0,,,0
2025-04,naruto_123_tri,鳴門 1-2-3,0,0,,,0
2025-04,karatsu_132_tri,唐津 1-3-2,0,0,,,0
2025-04,tri134_acc2_ex3_tri,1-3-4 全場型,0,0,,,0
2025-04,omura_132_weak2_ex3_tri,大村 1-3-2 弱2展示,2,1,50.0,305.0,610
2025-04,wakamatsu_13_weak2_strong3_exa,若松 1-3,0,0,,,0
2025-04,heiwajima_13_acc2_late_exa,平和島 1-3,0,0,,,0
2025-04,tamagawa_13_weak_sashi2_exa,多摩川 1-3,0,0,,,0
2025-04,marugame_123_weak4_t5_tri,丸亀 1-2-3 弱4型,0,0,,,0
2025-04,marugame_123_late_weak4_t5_tri,丸亀 1-2-3 後半弱4型,0,0,,,0
2025-04,edogawa_132_weak4_t5_tri,江戸川 1-3-2 弱4型,0,0,,,0
2025-04,karatsu_123_weak4_t5_tri,唐津 1-2-3 弱4型,0,0,,,0
2025-04,suminoe_124_weak3_t5_tri,住之江 1-2-4 弱3型,0,0,,,0
2025-05,g23_optb_tri,G2/G3 1-2-3,0,0,,,0
2025-05,gmkf_132_tri,蒲郡 潮 1-3-2,6,0,0.0,-100.0,-600
2025-05,shimonoseki_123_tri,下関 1-2-3,1,1,100.0,300.0,300
2025-05,tsu_124_tri,津 1-2-4,0,0,,,0
2025-05,amagasaki_143_tri,尼崎 1-4-3,0,0,,,0
2025-05,amagasaki_13_exa,尼崎 1-3,10,1,10.0,-27.0,-270
2025-05,omura_13_exa,大村 1-3,4,3,75.0,122.5,490
2025-05,ashiya_boat4_exa,芦屋 4-1,0,0,,,0
2025-05,hamanako_14_exa,浜名湖 1-4,2,0,0.0,-100.0,-200
2025-05,omura_14_exa,大村 1-4,0,0,,,0
2025-05,tokuyama_123_tri,徳山 1-2-3,5,2,40.0,116.0,580
2025-05,tokuyama_13_exa,徳山 1-3,3,2,66.7,183.3,550
2025-05,shimonoseki_132_tri,下関 1-3-2,3,1,33.3,43.3,130
2025-05,kojima_124_tri,児島 1-2-4,1,0,0.0,-100.0,-100
2025-05,kojima_13_exa,児島 1-3,7,2,28.6,-11.4,-80
2025-05,marugame_123_tri,丸亀 1-2-3,4,0,0.0,-100.0,-400
2025-05,omura_123_tri,大村 1-2-3,0,0,,,0
2025-05,omura_132_tri,大村 1-3-2,0,0,,,0
2025-05,tsu_123_tri,津 1-2-3,2,1,50.0,245.0,490
2025-05,suminoe_123_tri,住之江 1-2-3,1,1,100.0,630.0,630
2025-05,miyajima_tide_132_tri,宮島 潮 1-3-2,0,0,,,0
2025-05,gamagori_tide_132_tri,蒲郡 潮 1-3-2,1,0,0.0,-100.0,-100
2025-05,marugame_tide_123_tri,丸亀 潮 1-2-3,0,0,,,0
2025-05,fukuoka_tide_132_tri,福岡 潮 1-3-2,0,0,,,0
2025-05,gamagori_123_general_practical_tri,蒲郡 一般 1-2-3,1,0,0.0,-100.0,-100
2025-05,gamagori_13_exa,蒲郡 1-3,3,2,66.7,76.7,230
2025-05,tokuyama_12a_exa,徳山 1-2 A,0,0,,,0
2025-05,tokoname_12_late_a_exa,常滑 1-2 後半A級安定型,2,1,50.0,0.0,0
2025-05,tokoname_14_winter_exa,常滑 1-4 冬型,0,0,,,0
2025-05,tokoname_123_late_exst_tri,常滑 1-2-3 後半展示ST型,3,2,66.7,790.0,2370
2025-05,toda_123_tri,戸田 1-2-3,0,0,,,0
2025-05,tsu_143_tri,津 1-4-3,0,0,,,0
2025-05,kojima_123_tri,児島 1-2-3,0,0,,,0
2025-05,gamagori_123_tri,蒲郡 1-2-3,0,0,,,0
2025-05,naruto_123_tri,鳴門 1-2-3,0,0,,,0
2025-05,karatsu_132_tri,唐津 1-3-2,0,0,,,0
2025-05,tri134_acc2_ex3_tri,1-3-4 全場型,0,0,,,0
2025-05,omura_132_weak2_ex3_tri,大村 1-3-2 弱2展示,1,0,0.0,-100.0,-100
2025-05,wakamatsu_13_weak2_strong3_exa,若松 1-3,1,0,0.0,-100.0,-100
2025-05,heiwajima_13_acc2_late_exa,平和島 1-3,0,0,,,0
2025-05,tamagawa_13_weak_sashi2_exa,多摩川 1-3,3,2,66.7,103.3,310
2025-05,marugame_123_weak4_t5_tri,丸亀 1-2-3 弱4型,0,0,,,0
2025-05,marugame_123_late_weak4_t5_tri,丸亀 1-2-3 後半弱4型,0,0,,,0
2025-05,edogawa_132_weak4_t5_tri,江戸川 1-3-2 弱4型,0,0,,,0
2025-05,karatsu_123_weak4_t5_tri,唐津 1-2-3 弱4型,0,0,,,0
2025-05,suminoe_124_weak3_t5_tri,住之江 1-2-4 弱3型,0,0,,,0
2025-06,g23_optb_tri,G2/G3 1-2-3,0,0,,,0
2025-06,gmkf_132_tri,蒲郡 潮 1-3-2,7,0,0.0,-100.0,-700
2025-06,shimonoseki_123_tri,下関 1-2-3,0,0,,,0
2025-06,tsu_124_tri,津 1-2-4,0,0,,,0
2025-06,amagasaki_143_tri,尼崎 1-4-3,0,0,,,0
2025-06,amagasaki_13_exa,尼崎 1-3,15,9,60.0,284.7,4270
2025-06,omura_13_exa,大村 1-3,0,0,,,0
2025-06,ashiya_boat4_exa,芦屋 4-1,1,0,0.0,-100.0,-100
2025-06,hamanako_14_exa,浜名湖 1-4,1,1,100.0,390.0,390
2025-06,omura_14_exa,大村 1-4,0,0,,,0
2025-06,tokuyama_123_tri,徳山 1-2-3,8,1,12.5,-46.2,-370
2025-06,tokuyama_13_exa,徳山 1-3,3,0,0.0,-100.0,-300
2025-06,shimonoseki_132_tri,下関 1-3-2,3,1,33.3,450.0,1350
2025-06,kojima_124_tri,児島 1-2-4,0,0,,,0
2025-06,kojima_13_exa,児島 1-3,7,3,42.9,5.7,40
2025-06,marugame_123_tri,丸亀 1-2-3,3,0,0.0,-100.0,-300
2025-06,omura_123_tri,大村 1-2-3,0,0,,,0
2025-06,omura_132_tri,大村 1-3-2,0,0,,,0
2025-06,tsu_123_tri,津 1-2-3,0,0,,,0
2025-06,suminoe_123_tri,住之江 1-2-3,3,1,33.3,50.0,150
2025-06,miyajima_tide_132_tri,宮島 潮 1-3-2,0,0,,,0
2025-06,gamagori_tide_132_tri,蒲郡 潮 1-3-2,1,1,100.0,520.0,520
2025-06,marugame_tide_123_tri,丸亀 潮 1-2-3,0,0,,,0
2025-06,fukuoka_tide_132_tri,福岡 潮 1-3-2,1,1,100.0,1600.0,1600
2025-06,gamagori_123_general_practical_tri,蒲郡 一般 1-2-3,0,0,,,0
2025-06,gamagori_13_exa,蒲郡 1-3,0,0,,,0
2025-06,tokuyama_12a_exa,徳山 1-2 A,1,0,0.0,-100.0,-100
2025-06,tokoname_12_late_a_exa,常滑 1-2 後半A級安定型,3,1,33.3,-6.7,-20
2025-06,tokoname_14_winter_exa,常滑 1-4 冬型,0,0,,,0
2025-06,tokoname_123_late_exst_tri,常滑 1-2-3 後半展示ST型,5,1,20.0,38.0,190
2025-06,toda_123_tri,戸田 1-2-3,0,0,,,0
2025-06,tsu_143_tri,津 1-4-3,0,0,,,0
2025-06,kojima_123_tri,児島 1-2-3,0,0,,,0
2025-06,gamagori_123_tri,蒲郡 1-2-3,0,0,,,0
2025-06,naruto_123_tri,鳴門 1-2-3,0,0,,,0
2025-06,karatsu_132_tri,唐津 1-3-2,0,0,,,0
2025-06,tri134_acc2_ex3_tri,1-3-4 全場型,1,0,0.0,-100.0,-100
2025-06,omura_132_weak2_ex3_tri,大村 1-3-2 弱2展示,0,0,,,0
2025-06,wakamatsu_13_weak2_strong3_exa,若松 1-3,6,3,50.0,48.3,290
2025-06,heiwajima_13_acc2_late_exa,平和島 1-3,0,0,,,0
2025-06,tamagawa_13_weak_sashi2_exa,多摩川 1-3,6,1,16.7,-40.0,-240
2025-06,marugame_123_weak4_t5_tri,丸亀 1-2-3 弱4型,0,0,,,0
2025-06,marugame_123_late_weak4_t5_tri,丸亀 1-2-3 後半弱4型,0,0,,,0
2025-06,edogawa_132_weak4_t5_tri,江戸川 1-3-2 弱4型,0,0,,,0
2025-06,karatsu_123_weak4_t5_tri,唐津 1-2-3 弱4型,0,0,,,0
2025-06,suminoe_124_weak3_t5_tri,住之江 1-2-4 弱3型,0,0,,,0
2025-07,g23_optb_tri,G2/G3 1-2-3,2,2,100.0,680.0,1360
2025-07,gmkf_132_tri,蒲郡 潮 1-3-2,4,2,50.0,662.5,2650
2025-07,shimonoseki_123_tri,下関 1-2-3,1,0,0.0,-100.0,-100
2025-07,tsu_124_tri,津 1-2-4,0,0,,,0
2025-07,amagasaki_143_tri,尼崎 1-4-3,0,0,,,0
2025-07,amagasaki_13_exa,尼崎 1-3,7,2,28.6,-17.1,-120
2025-07,omura_13_exa,大村 1-3,8,0,0.0,-100.0,-800
2025-07,ashiya_boat4_exa,芦屋 4-1,0,0,,,0
2025-07,hamanako_14_exa,浜名湖 1-4,0,0,,,0
2025-07,omura_14_exa,大村 1-4,0,0,,,0
2025-07,tokuyama_123_tri,徳山 1-2-3,2,0,0.0,-100.0,-200
2025-07,tokuyama_13_exa,徳山 1-3,1,1,100.0,180.0,180
2025-07,shimonoseki_132_tri,下関 1-3-2,4,0,0.0,-100.0,-400
2025-07,kojima_124_tri,児島 1-2-4,0,0,,,0
2025-07,kojima_13_exa,児島 1-3,4,0,0.0,-100.0,-400
2025-07,marugame_123_tri,丸亀 1-2-3,0,0,,,0
2025-07,omura_123_tri,大村 1-2-3,0,0,,,0
2025-07,omura_132_tri,大村 1-3-2,0,0,,,0
2025-07,tsu_123_tri,津 1-2-3,0,0,,,0
2025-07,suminoe_123_tri,住之江 1-2-3,0,0,,,0
2025-07,miyajima_tide_132_tri,宮島 潮 1-3-2,0,0,,,0
2025-07,gamagori_tide_132_tri,蒲郡 潮 1-3-2,0,0,,,0
2025-07,marugame_tide_123_tri,丸亀 潮 1-2-3,0,0,,,0
2025-07,fukuoka_tide_132_tri,福岡 潮 1-3-2,2,1,50.0,1145.0,2290
2025-07,gamagori_123_general_practical_tri,蒲郡 一般 1-2-3,0,0,,,0
2025-07,gamagori_13_exa,蒲郡 1-3,0,0,,,0
2025-07,tokuyama_12a_exa,徳山 1-2 A,3,0,0.0,-100.0,-300
2025-07,tokoname_12_late_a_exa,常滑 1-2 後半A級安定型,0,0,,,0
2025-07,tokoname_14_winter_exa,常滑 1-4 冬型,0,0,,,0
2025-07,tokoname_123_late_exst_tri,常滑 1-2-3 後半展示ST型,1,0,0.0,-100.0,-100
2025-07,toda_123_tri,戸田 1-2-3,0,0,,,0
2025-07,tsu_143_tri,津 1-4-3,0,0,,,0
2025-07,kojima_123_tri,児島 1-2-3,0,0,,,0
2025-07,gamagori_123_tri,蒲郡 1-2-3,0,0,,,0
2025-07,naruto_123_tri,鳴門 1-2-3,0,0,,,0
2025-07,karatsu_132_tri,唐津 1-3-2,0,0,,,0
2025-07,tri134_acc2_ex3_tri,1-3-4 全場型,1,0,0.0,-100.0,-100
2025-07,omura_132_weak2_ex3_tri,大村 1-3-2 弱2展示,2,0,0.0,-100.0,-200
2025-07,wakamatsu_13_weak2_strong3_exa,若松 1-3,0,0,,,0
2025-07,heiwajima_13_acc2_late_exa,平和島 1-3,1,0,0.0,-100.0,-100
2025-07,tamagawa_13_weak_sashi2_exa,多摩川 1-3,0,0,,,0
2025-07,marugame_123_weak4_t5_tri,丸亀 1-2-3 弱4型,0,0,,,0
2025-07,marugame_123_late_weak4_t5_tri,丸亀 1-2-3 後半弱4型,0,0,,,0
2025-07,edogawa_132_weak4_t5_tri,江戸川 1-3-2 弱4型,0,0,,,0
2025-07,karatsu_123_weak4_t5_tri,唐津 1-2-3 弱4型,0,0,,,0
2025-07,suminoe_124_weak3_t5_tri,住之江 1-2-4 弱3型,0,0,,,0
2025-08,g23_optb_tri,G2/G3 1-2-3,0,0,,,0
2025-08,gmkf_132_tri,蒲郡 潮 1-3-2,7,2,28.6,642.9,4500
2025-08,shimonoseki_123_tri,下関 1-2-3,4,2,50.0,125.0,500
2025-08,tsu_124_tri,津 1-2-4,0,0,,,0
2025-08,amagasaki_143_tri,尼崎 1-4-3,0,0,,,0
2025-08,amagasaki_13_exa,尼崎 1-3,9,3,33.3,-2.2,-20
2025-08,omura_13_exa,大村 1-3,3,0,0.0,-100.0,-300
2025-08,ashiya_boat4_exa,芦屋 4-1,2,1,50.0,2040.0,4080
2025-08,hamanako_14_exa,浜名湖 1-4,2,2,100.0,640.0,1280
2025-08,omura_14_exa,大村 1-4,0,0,,,0
2025-08,tokuyama_123_tri,徳山 1-2-3,1,0,0.0,-100.0,-100
2025-08,tokuyama_13_exa,徳山 1-3,5,2,40.0,58.0,290
2025-08,shimonoseki_132_tri,下関 1-3-2,3,1,33.3,100.0,300
2025-08,kojima_124_tri,児島 1-2-4,0,0,,,0
2025-08,kojima_13_exa,児島 1-3,4,0,0.0,-100.0,-400
2025-08,marugame_123_tri,丸亀 1-2-3,0,0,,,0
2025-08,omura_123_tri,大村 1-2-3,0,0,,,0
2025-08,omura_132_tri,大村 1-3-2,0,0,,,0
2025-08,tsu_123_tri,津 1-2-3,0,0,,,0
2025-08,suminoe_123_tri,住之江 1-2-3,1,0,0.0,-100.0,-100
2025-08,miyajima_tide_132_tri,宮島 潮 1-3-2,0,0,,,0
2025-08,gamagori_tide_132_tri,蒲郡 潮 1-3-2,0,0,,,0
2025-08,marugame_tide_123_tri,丸亀 潮 1-2-3,0,0,,,0
2025-08,fukuoka_tide_132_tri,福岡 潮 1-3-2,3,1,33.3,226.7,680
2025-08,gamagori_123_general_practical_tri,蒲郡 一般 1-2-3,4,2,50.0,260.0,1040
2025-08,gamagori_13_exa,蒲郡 1-3,2,2,100.0,195.0,390
2025-08,tokuyama_12a_exa,徳山 1-2 A,2,2,100.0,130.0,260
2025-08,tokoname_12_late_a_exa,常滑 1-2 後半A級安定型,1,0,0.0,-100.0,-100
2025-08,tokoname_14_winter_exa,常滑 1-4 冬型,0,0,,,0
2025-08,tokoname_123_late_exst_tri,常滑 1-2-3 後半展示ST型,5,1,20.0,-10.0,-50
2025-08,toda_123_tri,戸田 1-2-3,1,0,0.0,-100.0,-100
2025-08,tsu_143_tri,津 1-4-3,0,0,,,0
2025-08,kojima_123_tri,児島 1-2-3,0,0,,,0
2025-08,gamagori_123_tri,蒲郡 1-2-3,0,0,,,0
2025-08,naruto_123_tri,鳴門 1-2-3,0,0,,,0
2025-08,karatsu_132_tri,唐津 1-3-2,0,0,,,0
2025-08,tri134_acc2_ex3_tri,1-3-4 全場型,4,2,50.0,230.0,920
2025-08,omura_132_weak2_ex3_tri,大村 1-3-2 弱2展示,0,0,,,0
2025-08,wakamatsu_13_weak2_strong3_exa,若松 1-3,2,1,50.0,25.0,50
2025-08,heiwajima_13_acc2_late_exa,平和島 1-3,1,1,100.0,710.0,710
2025-08,tamagawa_13_weak_sashi2_exa,多摩川 1-3,3,3,100.0,240.0,720
2025-08,marugame_123_weak4_t5_tri,丸亀 1-2-3 弱4型,0,0,,,0
2025-08,marugame_123_late_weak4_t5_tri,丸亀 1-2-3 後半弱4型,0,0,,,0
2025-08,edogawa_132_weak4_t5_tri,江戸川 1-3-2 弱4型,0,0,,,0
2025-08,karatsu_123_weak4_t5_tri,唐津 1-2-3 弱4型,0,0,,,0
2025-08,suminoe_124_weak3_t5_tri,住之江 1-2-4 弱3型,0,0,,,0
2025-09,g23_optb_tri,G2/G3 1-2-3,1,1,100.0,570.0,570
2025-09,gmkf_132_tri,蒲郡 潮 1-3-2,1,1,100.0,1360.0,1360
2025-09,shimonoseki_123_tri,下関 1-2-3,0,0,,,0
2025-09,tsu_124_tri,津 1-2-4,0,0,,,0
2025-09,amagasaki_143_tri,尼崎 1-4-3,0,0,,,0
2025-09,amagasaki_13_exa,尼崎 1-3,0,0,,,0
2025-09,omura_13_exa,大村 1-3,4,1,25.0,57.5,230
2025-09,ashiya_boat4_exa,芦屋 4-1,3,0,0.0,-100.0,-300
2025-09,hamanako_14_exa,浜名湖 1-4,3,1,33.3,10.0,30
2025-09,omura_14_exa,大村 1-4,0,0,,,0
2025-09,tokuyama_123_tri,徳山 1-2-3,1,0,0.0,-100.0,-100
2025-09,tokuyama_13_exa,徳山 1-3,0,0,,,0
2025-09,shimonoseki_132_tri,下関 1-3-2,2,0,0.0,-100.0,-200
2025-09,kojima_124_tri,児島 1-2-4,3,0,0.0,-100.0,-300
2025-09,kojima_13_exa,児島 1-3,0,0,,,0
2025-09,marugame_123_tri,丸亀 1-2-3,0,0,,,0
2025-09,omura_123_tri,大村 1-2-3,0,0,,,0
2025-09,omura_132_tri,大村 1-3-2,0,0,,,0
2025-09,tsu_123_tri,津 1-2-3,1,0,0.0,-100.0,-100
2025-09,suminoe_123_tri,住之江 1-2-3,3,0,0.0,-100.0,-300
2025-09,miyajima_tide_132_tri,宮島 潮 1-3-2,0,0,,,0
2025-09,gamagori_tide_132_tri,蒲郡 潮 1-3-2,0,0,,,0
2025-09,marugame_tide_123_tri,丸亀 潮 1-2-3,2,1,50.0,170.0,340
2025-09,fukuoka_tide_132_tri,福岡 潮 1-3-2,0,0,,,0
2025-09,gamagori_123_general_practical_tri,蒲郡 一般 1-2-3,0,0,,,0
2025-09,gamagori_13_exa,蒲郡 1-3,0,0,,,0
2025-09,tokuyama_12a_exa,徳山 1-2 A,0,0,,,0
2025-09,tokoname_12_late_a_exa,常滑 1-2 後半A級安定型,2,1,50.0,645.0,1290
2025-09,tokoname_14_winter_exa,常滑 1-4 冬型,0,0,,,0
2025-09,tokoname_123_late_exst_tri,常滑 1-2-3 後半展示ST型,4,2,50.0,175.0,700
2025-09,toda_123_tri,戸田 1-2-3,0,0,,,0
2025-09,tsu_143_tri,津 1-4-3,0,0,,,0
2025-09,kojima_123_tri,児島 1-2-3,0,0,,,0
2025-09,gamagori_123_tri,蒲郡 1-2-3,0,0,,,0
2025-09,naruto_123_tri,鳴門 1-2-3,0,0,,,0
2025-09,karatsu_132_tri,唐津 1-3-2,0,0,,,0
2025-09,tri134_acc2_ex3_tri,1-3-4 全場型,1,0,0.0,-100.0,-100
2025-09,omura_132_weak2_ex3_tri,大村 1-3-2 弱2展示,4,1,25.0,100.0,400
2025-09,wakamatsu_13_weak2_strong3_exa,若松 1-3,7,2,28.6,194.3,1360
2025-09,heiwajima_13_acc2_late_exa,平和島 1-3,4,1,25.0,-35.0,-140
2025-09,tamagawa_13_weak_sashi2_exa,多摩川 1-3,1,1,100.0,140.0,140
2025-09,marugame_123_weak4_t5_tri,丸亀 1-2-3 弱4型,0,0,,,0
2025-09,marugame_123_late_weak4_t5_tri,丸亀 1-2-3 後半弱4型,0,0,,,0
2025-09,edogawa_132_weak4_t5_tri,江戸川 1-3-2 弱4型,0,0,,,0
2025-09,karatsu_123_weak4_t5_tri,唐津 1-2-3 弱4型,0,0,,,0
2025-09,suminoe_124_weak3_t5_tri,住之江 1-2-4 弱3型,0,0,,,0
2025-10,g23_optb_tri,G2/G3 1-2-3,0,0,,,0
2025-10,gmkf_132_tri,蒲郡 潮 1-3-2,5,2,40.0,292.0,1460
2025-10,shimonoseki_123_tri,下関 1-2-3,1,1,100.0,380.0,380
2025-10,tsu_124_tri,津 1-2-4,0,0,,,0
2025-10,amagasaki_143_tri,尼崎 1-4-3,0,0,,,0
2025-10,amagasaki_13_exa,尼崎 1-3,0,0,,,0
2025-10,omura_13_exa,大村 1-3,0,0,,,0
2025-10,ashiya_boat4_exa,芦屋 4-1,0,0,,,0
2025-10,hamanako_14_exa,浜名湖 1-4,0,0,,,0
2025-10,omura_14_exa,大村 1-4,0,0,,,0
2025-10,tokuyama_123_tri,徳山 1-2-3,1,0,0.0,-100.0,-100
2025-10,tokuyama_13_exa,徳山 1-3,4,0,0.0,-100.0,-400
2025-10,shimonoseki_132_tri,下関 1-3-2,7,1,14.3,-15.7,-110
2025-10,kojima_124_tri,児島 1-2-4,0,0,,,0
2025-10,kojima_13_exa,児島 1-3,0,0,,,0
2025-10,marugame_123_tri,丸亀 1-2-3,0,0,,,0
2025-10,omura_123_tri,大村 1-2-3,1,1,100.0,270.0,270
2025-10,omura_132_tri,大村 1-3-2,0,0,,,0
2025-10,tsu_123_tri,津 1-2-3,1,0,0.0,-100.0,-100
2025-10,suminoe_123_tri,住之江 1-2-3,0,0,,,0
2025-10,miyajima_tide_132_tri,宮島 潮 1-3-2,0,0,,,0
2025-10,gamagori_tide_132_tri,蒲郡 潮 1-3-2,4,1,25.0,275.0,1100
2025-10,marugame_tide_123_tri,丸亀 潮 1-2-3,0,0,,,0
2025-10,fukuoka_tide_132_tri,福岡 潮 1-3-2,0,0,,,0
2025-10,gamagori_123_general_practical_tri,蒲郡 一般 1-2-3,0,0,,,0
2025-10,gamagori_13_exa,蒲郡 1-3,18,6,33.3,2.2,40
2025-10,tokuyama_12a_exa,徳山 1-2 A,3,1,33.3,-33.3,-100
2025-10,tokoname_12_late_a_exa,常滑 1-2 後半A級安定型,1,0,0.0,-100.0,-100
2025-10,tokoname_14_winter_exa,常滑 1-4 冬型,0,0,,,0
2025-10,tokoname_123_late_exst_tri,常滑 1-2-3 後半展示ST型,2,1,50.0,420.0,840
2025-10,toda_123_tri,戸田 1-2-3,0,0,,,0
2025-10,tsu_143_tri,津 1-4-3,0,0,,,0
2025-10,kojima_123_tri,児島 1-2-3,0,0,,,0
2025-10,gamagori_123_tri,蒲郡 1-2-3,0,0,,,0
2025-10,naruto_123_tri,鳴門 1-2-3,0,0,,,0
2025-10,karatsu_132_tri,唐津 1-3-2,0,0,,,0
2025-10,tri134_acc2_ex3_tri,1-3-4 全場型,8,3,37.5,317.5,2540
2025-10,omura_132_weak2_ex3_tri,大村 1-3-2 弱2展示,2,1,50.0,185.0,370
2025-10,wakamatsu_13_weak2_strong3_exa,若松 1-3,2,1,50.0,360.0,720
2025-10,heiwajima_13_acc2_late_exa,平和島 1-3,3,1,33.3,93.3,280
2025-10,tamagawa_13_weak_sashi2_exa,多摩川 1-3,2,2,100.0,350.0,700
2025-10,marugame_123_weak4_t5_tri,丸亀 1-2-3 弱4型,0,0,,,0
2025-10,marugame_123_late_weak4_t5_tri,丸亀 1-2-3 後半弱4型,0,0,,,0
2025-10,edogawa_132_weak4_t5_tri,江戸川 1-3-2 弱4型,0,0,,,0
2025-10,karatsu_123_weak4_t5_tri,唐津 1-2-3 弱4型,0,0,,,0
2025-10,suminoe_124_weak3_t5_tri,住之江 1-2-4 弱3型,0,0,,,0
2025-11,g23_optb_tri,G2/G3 1-2-3,0,0,,,0
2025-11,gmkf_132_tri,蒲郡 潮 1-3-2,3,0,0.0,-100.0,-300
2025-11,shimonoseki_123_tri,下関 1-2-3,1,0,0.0,-100.0,-100
2025-11,tsu_124_tri,津 1-2-4,0,0,,,0
2025-11,amagasaki_143_tri,尼崎 1-4-3,0,0,,,0
2025-11,amagasaki_13_exa,尼崎 1-3,0,0,,,0
2025-11,omura_13_exa,大村 1-3,0,0,,,0
2025-11,ashiya_boat4_exa,芦屋 4-1,4,1,25.0,-17.5,-70
2025-11,hamanako_14_exa,浜名湖 1-4,1,1,100.0,660.0,660
2025-11,omura_14_exa,大村 1-4,0,0,,,0
2025-11,tokuyama_123_tri,徳山 1-2-3,3,0,0.0,-100.0,-300
2025-11,tokuyama_13_exa,徳山 1-3,2,0,0.0,-100.0,-200
2025-11,shimonoseki_132_tri,下関 1-3-2,3,0,0.0,-100.0,-300
2025-11,kojima_124_tri,児島 1-2-4,0,0,,,0
2025-11,kojima_13_exa,児島 1-3,0,0,,,0
2025-11,marugame_123_tri,丸亀 1-2-3,6,0,0.0,-100.0,-600
2025-11,omura_123_tri,大村 1-2-3,0,0,,,0
2025-11,omura_132_tri,大村 1-3-2,0,0,,,0
2025-11,tsu_123_tri,津 1-2-3,0,0,,,0
2025-11,suminoe_123_tri,住之江 1-2-3,0,0,,,0
2025-11,miyajima_tide_132_tri,宮島 潮 1-3-2,2,1,50.0,2210.0,4420
2025-11,gamagori_tide_132_tri,蒲郡 潮 1-3-2,1,0,0.0,-100.0,-100
2025-11,marugame_tide_123_tri,丸亀 潮 1-2-3,1,0,0.0,-100.0,-100
2025-11,fukuoka_tide_132_tri,福岡 潮 1-3-2,0,0,,,0
2025-11,gamagori_123_general_practical_tri,蒲郡 一般 1-2-3,3,0,0.0,-100.0,-300
2025-11,gamagori_13_exa,蒲郡 1-3,0,0,,,0
2025-11,tokuyama_12a_exa,徳山 1-2 A,4,2,50.0,35.0,140
2025-11,tokoname_12_late_a_exa,常滑 1-2 後半A級安定型,3,3,100.0,173.3,520
2025-11,tokoname_14_winter_exa,常滑 1-4 冬型,0,0,,,0
2025-11,tokoname_123_late_exst_tri,常滑 1-2-3 後半展示ST型,1,0,0.0,-100.0,-100
2025-11,toda_123_tri,戸田 1-2-3,0,0,,,0
2025-11,tsu_143_tri,津 1-4-3,0,0,,,0
2025-11,kojima_123_tri,児島 1-2-3,0,0,,,0
2025-11,gamagori_123_tri,蒲郡 1-2-3,0,0,,,0
2025-11,naruto_123_tri,鳴門 1-2-3,0,0,,,0
2025-11,karatsu_132_tri,唐津 1-3-2,0,0,,,0
2025-11,tri134_acc2_ex3_tri,1-3-4 全場型,0,0,,,0
2025-11,omura_132_weak2_ex3_tri,大村 1-3-2 弱2展示,0,0,,,0
2025-11,wakamatsu_13_weak2_strong3_exa,若松 1-3,10,5,50.0,123.0,1230
2025-11,heiwajima_13_acc2_late_exa,平和島 1-3,0,0,,,0
2025-11,tamagawa_13_weak_sashi2_exa,多摩川 1-3,4,1,25.0,-10.0,-40
2025-11,marugame_123_weak4_t5_tri,丸亀 1-2-3 弱4型,0,0,,,0
2025-11,marugame_123_late_weak4_t5_tri,丸亀 1-2-3 後半弱4型,0,0,,,0
2025-11,edogawa_132_weak4_t5_tri,江戸川 1-3-2 弱4型,0,0,,,0
2025-11,karatsu_123_weak4_t5_tri,唐津 1-2-3 弱4型,0,0,,,0
2025-11,suminoe_124_weak3_t5_tri,住之江 1-2-4 弱3型,0,0,,,0
2025-12,g23_optb_tri,G2/G3 1-2-3,0,0,,,0
2025-12,gmkf_132_tri,蒲郡 潮 1-3-2,4,0,0.0,-100.0,-400
2025-12,shimonoseki_123_tri,下関 1-2-3,2,1,50.0,235.0,470
2025-12,tsu_124_tri,津 1-2-4,0,0,,,0
2025-12,amagasaki_143_tri,尼崎 1-4-3,0,0,,,0
2025-12,amagasaki_13_exa,尼崎 1-3,2,0,0.0,-100.0,-200
2025-12,omura_13_exa,大村 1-3,1,0,0.0,-100.0,-100
2025-12,ashiya_boat4_exa,芦屋 4-1,3,0,0.0,-100.0,-300
2025-12,hamanako_14_exa,浜名湖 1-4,0,0,,,0
2025-12,omura_14_exa,大村 1-4,0,0,,,0
2025-12,tokuyama_123_tri,徳山 1-2-3,1,0,0.0,-100.0,-100
2025-12,tokuyama_13_exa,徳山 1-3,2,0,0.0,-100.0,-200
2025-12,shimonoseki_132_tri,下関 1-3-2,9,2,22.2,61.1,550
2025-12,kojima_124_tri,児島 1-2-4,0,0,,,0
2025-12,kojima_13_exa,児島 1-3,3,1,33.3,13.3,40
2025-12,marugame_123_tri,丸亀 1-2-3,0,0,,,0
2025-12,omura_123_tri,大村 1-2-3,0,0,,,0
2025-12,omura_132_tri,大村 1-3-2,0,0,,,0
2025-12,tsu_123_tri,津 1-2-3,0,0,,,0
2025-12,suminoe_123_tri,住之江 1-2-3,4,0,0.0,-100.0,-400
2025-12,miyajima_tide_132_tri,宮島 潮 1-3-2,3,1,33.3,430.0,1290
2025-12,gamagori_tide_132_tri,蒲郡 潮 1-3-2,0,0,,,0
2025-12,marugame_tide_123_tri,丸亀 潮 1-2-3,0,0,,,0
2025-12,fukuoka_tide_132_tri,福岡 潮 1-3-2,0,0,,,0
2025-12,gamagori_123_general_practical_tri,蒲郡 一般 1-2-3,4,1,25.0,50.0,200
2025-12,gamagori_13_exa,蒲郡 1-3,0,0,,,0
2025-12,tokuyama_12a_exa,徳山 1-2 A,1,1,100.0,140.0,140
2025-12,tokoname_12_late_a_exa,常滑 1-2 後半A級安定型,2,2,100.0,295.0,590
2025-12,tokoname_14_winter_exa,常滑 1-4 冬型,4,1,25.0,7.5,30
2025-12,tokoname_123_late_exst_tri,常滑 1-2-3 後半展示ST型,8,1,12.5,-32.5,-260
2025-12,toda_123_tri,戸田 1-2-3,0,0,,,0
2025-12,tsu_143_tri,津 1-4-3,0,0,,,0
2025-12,kojima_123_tri,児島 1-2-3,0,0,,,0
2025-12,gamagori_123_tri,蒲郡 1-2-3,1,1,100.0,310.0,310
2025-12,naruto_123_tri,鳴門 1-2-3,0,0,,,0
2025-12,karatsu_132_tri,唐津 1-3-2,1,1,100.0,350.0,350
2025-12,tri134_acc2_ex3_tri,1-3-4 全場型,1,1,100.0,1160.0,1160
2025-12,omura_132_weak2_ex3_tri,大村 1-3-2 弱2展示,0,0,,,0
2025-12,wakamatsu_13_weak2_strong3_exa,若松 1-3,4,2,50.0,535.0,2140
2025-12,heiwajima_13_acc2_late_exa,平和島 1-3,0,0,,,0
2025-12,tamagawa_13_weak_sashi2_exa,多摩川 1-3,3,1,33.3,33.3,100
2025-12,marugame_123_weak4_t5_tri,丸亀 1-2-3 弱4型,0,0,,,0
2025-12,marugame_123_late_weak4_t5_tri,丸亀 1-2-3 後半弱4型,0,0,,,0
2025-12,edogawa_132_weak4_t5_tri,江戸川 1-3-2 弱4型,0,0,,,0
2025-12,karatsu_123_weak4_t5_tri,唐津 1-2-3 弱4型,0,0,,,0
2025-12,suminoe_124_weak3_t5_tri,住之江 1-2-4 弱3型,0,0,,,0
2026-01,g23_optb_tri,G2/G3 1-2-3,0,0,,,0
2026-01,gmkf_132_tri,蒲郡 潮 1-3-2,9,1,11.1,37.8,340
2026-01,shimonoseki_123_tri,下関 1-2-3,0,0,,,0
2026-01,tsu_124_tri,津 1-2-4,0,0,,,0
2026-01,amagasaki_143_tri,尼崎 1-4-3,0,0,,,0
2026-01,amagasaki_13_exa,尼崎 1-3,7,2,28.6,-37.1,-260
2026-01,omura_13_exa,大村 1-3,0,0,,,0
2026-01,ashiya_boat4_exa,芦屋 4-1,3,0,0.0,-100.0,-300
2026-01,hamanako_14_exa,浜名湖 1-4,0,0,,,0
2026-01,omura_14_exa,大村 1-4,0,0,,,0
2026-01,tokuyama_123_tri,徳山 1-2-3,1,0,0.0,-100.0,-100
2026-01,tokuyama_13_exa,徳山 1-3,0,0,,,0
2026-01,shimonoseki_132_tri,下関 1-3-2,1,0,0.0,-100.0,-100
2026-01,kojima_124_tri,児島 1-2-4,1,0,0.0,-100.0,-100
2026-01,kojima_13_exa,児島 1-3,5,4,80.0,152.0,760
2026-01,marugame_123_tri,丸亀 1-2-3,0,0,,,0
2026-01,omura_123_tri,大村 1-2-3,0,0,,,0
2026-01,omura_132_tri,大村 1-3-2,0,0,,,0
2026-01,tsu_123_tri,津 1-2-3,0,0,,,0
2026-01,suminoe_123_tri,住之江 1-2-3,1,1,100.0,410.0,410
2026-01,miyajima_tide_132_tri,宮島 潮 1-3-2,0,0,,,0
2026-01,gamagori_tide_132_tri,蒲郡 潮 1-3-2,0,0,,,0
2026-01,marugame_tide_123_tri,丸亀 潮 1-2-3,1,0,0.0,-100.0,-100
2026-01,fukuoka_tide_132_tri,福岡 潮 1-3-2,0,0,,,0
2026-01,gamagori_123_general_practical_tri,蒲郡 一般 1-2-3,0,0,,,0
2026-01,gamagori_13_exa,蒲郡 1-3,2,0,0.0,-100.0,-200
2026-01,tokuyama_12a_exa,徳山 1-2 A,0,0,,,0
2026-01,tokoname_12_late_a_exa,常滑 1-2 後半A級安定型,0,0,,,0
2026-01,tokoname_14_winter_exa,常滑 1-4 冬型,1,0,0.0,-100.0,-100
2026-01,tokoname_123_late_exst_tri,常滑 1-2-3 後半展示ST型,2,0,0.0,-100.0,-200
2026-01,toda_123_tri,戸田 1-2-3,0,0,,,0
2026-01,tsu_143_tri,津 1-4-3,0,0,,,0
2026-01,kojima_123_tri,児島 1-2-3,0,0,,,0
2026-01,gamagori_123_tri,蒲郡 1-2-3,0,0,,,0
2026-01,naruto_123_tri,鳴門 1-2-3,0,0,,,0
2026-01,karatsu_132_tri,唐津 1-3-2,0,0,,,0
2026-01,tri134_acc2_ex3_tri,1-3-4 全場型,5,2,40.0,250.0,1250
2026-01,omura_132_weak2_ex3_tri,大村 1-3-2 弱2展示,3,0,0.0,-100.0,-300
2026-01,wakamatsu_13_weak2_strong3_exa,若松 1-3,4,1,25.0,0.0,0
2026-01,heiwajima_13_acc2_late_exa,平和島 1-3,3,1,33.3,23.3,70
2026-01,tamagawa_13_weak_sashi2_exa,多摩川 1-3,2,0,0.0,-100.0,-200
2026-01,marugame_123_weak4_t5_tri,丸亀 1-2-3 弱4型,0,0,,,0
2026-01,marugame_123_late_weak4_t5_tri,丸亀 1-2-3 後半弱4型,0,0,,,0
2026-01,edogawa_132_weak4_t5_tri,江戸川 1-3-2 弱4型,0,0,,,0
2026-01,karatsu_123_weak4_t5_tri,唐津 1-2-3 弱4型,0,0,,,0
2026-01,suminoe_124_weak3_t5_tri,住之江 1-2-4 弱3型,0,0,,,0
2026-02,g23_optb_tri,G2/G3 1-2-3,0,0,,,0
2026-02,gmkf_132_tri,蒲郡 潮 1-3-2,1,0,0.0,-100.0,-100
2026-02,shimonoseki_123_tri,下関 1-2-3,2,2,100.0,405.0,810
2026-02,tsu_124_tri,津 1-2-4,0,0,,,0
2026-02,amagasaki_143_tri,尼崎 1-4-3,0,0,,,0
2026-02,amagasaki_13_exa,尼崎 1-3,15,3,20.0,-44.0,-660
2026-02,omura_13_exa,大村 1-3,0,0,,,0
2026-02,ashiya_boat4_exa,芦屋 4-1,1,0,0.0,-100.0,-100
2026-02,hamanako_14_exa,浜名湖 1-4,0,0,,,0
2026-02,omura_14_exa,大村 1-4,0,0,,,0
2026-02,tokuyama_123_tri,徳山 1-2-3,2,1,50.0,245.0,490
2026-02,tokuyama_13_exa,徳山 1-3,0,0,,,0
2026-02,shimonoseki_132_tri,下関 1-3-2,2,0,0.0,-100.0,-200
2026-02,kojima_124_tri,児島 1-2-4,5,2,40.0,168.0,840
2026-02,kojima_13_exa,児島 1-3,0,0,,,0
2026-02,marugame_123_tri,丸亀 1-2-3,4,2,50.0,190.0,760
2026-02,omura_123_tri,大村 1-2-3,1,1,100.0,910.0,910
2026-02,omura_132_tri,大村 1-3-2,0,0,,,0
2026-02,tsu_123_tri,津 1-2-3,0,0,,,0
2026-02,suminoe_123_tri,住之江 1-2-3,2,1,50.0,305.0,610
2026-02,miyajima_tide_132_tri,宮島 潮 1-3-2,0,0,,,0
2026-02,gamagori_tide_132_tri,蒲郡 潮 1-3-2,1,0,0.0,-100.0,-100
2026-02,marugame_tide_123_tri,丸亀 潮 1-2-3,0,0,,,0
2026-02,fukuoka_tide_132_tri,福岡 潮 1-3-2,1,0,0.0,-100.0,-100
2026-02,gamagori_123_general_practical_tri,蒲郡 一般 1-2-3,1,0,0.0,-100.0,-100
2026-02,gamagori_13_exa,蒲郡 1-3,0,0,,,0
2026-02,tokuyama_12a_exa,徳山 1-2 A,2,1,50.0,65.0,130
2026-02,tokoname_12_late_a_exa,常滑 1-2 後半A級安定型,2,0,0.0,-100.0,-200
2026-02,tokoname_14_winter_exa,常滑 1-4 冬型,3,1,33.3,-40.0,-120
2026-02,tokoname_123_late_exst_tri,常滑 1-2-3 後半展示ST型,10,0,0.0,-100.0,-1000
2026-02,toda_123_tri,戸田 1-2-3,0,0,,,0
2026-02,tsu_143_tri,津 1-4-3,0,0,,,0
2026-02,kojima_123_tri,児島 1-2-3,0,0,,,0
2026-02,gamagori_123_tri,蒲郡 1-2-3,1,0,0.0,-100.0,-100
2026-02,naruto_123_tri,鳴門 1-2-3,0,0,,,0
2026-02,karatsu_132_tri,唐津 1-3-2,0,0,,,0
2026-02,tri134_acc2_ex3_tri,1-3-4 全場型,1,0,0.0,-100.0,-100
2026-02,omura_132_weak2_ex3_tri,大村 1-3-2 弱2展示,1,1,100.0,560.0,560
2026-02,wakamatsu_13_weak2_strong3_exa,若松 1-3,0,0,,,0
2026-02,heiwajima_13_acc2_late_exa,平和島 1-3,2,1,50.0,970.0,1940
2026-02,tamagawa_13_weak_sashi2_exa,多摩川 1-3,0,0,,,0
2026-02,marugame_123_weak4_t5_tri,丸亀 1-2-3 弱4型,0,0,,,0
2026-02,marugame_123_late_weak4_t5_tri,丸亀 1-2-3 後半弱4型,0,0,,,0
2026-02,edogawa_132_weak4_t5_tri,江戸川 1-3-2 弱4型,0,0,,,0
2026-02,karatsu_123_weak4_t5_tri,唐津 1-2-3 弱4型,0,0,,,0
2026-02,suminoe_124_weak3_t5_tri,住之江 1-2-4 弱3型,0,0,,,0
2026-03,g23_optb_tri,G2/G3 1-2-3,1,0,0.0,-100.0,-100
2026-03,gmkf_132_tri,蒲郡 潮 1-3-2,2,0,0.0,-100.0,-200
2026-03,shimonoseki_123_tri,下関 1-2-3,1,0,0.0,-100.0,-100
2026-03,tsu_124_tri,津 1-2-4,0,0,,,0
2026-03,amagasaki_143_tri,尼崎 1-4-3,0,0,,,0
2026-03,amagasaki_13_exa,尼崎 1-3,16,4,25.0,-16.2,-260
2026-03,omura_13_exa,大村 1-3,0,0,,,0
2026-03,ashiya_boat4_exa,芦屋 4-1,6,0,0.0,-100.0,-600
2026-03,hamanako_14_exa,浜名湖 1-4,0,0,,,0
2026-03,omura_14_exa,大村 1-4,0,0,,,0
2026-03,tokuyama_123_tri,徳山 1-2-3,1,0,0.0,-100.0,-100
2026-03,tokuyama_13_exa,徳山 1-3,0,0,,,0
2026-03,shimonoseki_132_tri,下関 1-3-2,0,0,,,0
2026-03,kojima_124_tri,児島 1-2-4,2,0,0.0,-100.0,-200
2026-03,kojima_13_exa,児島 1-3,6,2,33.3,63.3,380
2026-03,marugame_123_tri,丸亀 1-2-3,2,0,0.0,-100.0,-200
2026-03,omura_123_tri,大村 1-2-3,2,1,50.0,130.0,260
2026-03,omura_132_tri,大村 1-3-2,0,0,,,0
2026-03,tsu_123_tri,津 1-2-3,0,0,,,0
2026-03,suminoe_123_tri,住之江 1-2-3,0,0,,,0
2026-03,miyajima_tide_132_tri,宮島 潮 1-3-2,0,0,,,0
2026-03,gamagori_tide_132_tri,蒲郡 潮 1-3-2,0,0,,,0
2026-03,marugame_tide_123_tri,丸亀 潮 1-2-3,0,0,,,0
2026-03,fukuoka_tide_132_tri,福岡 潮 1-3-2,0,0,,,0
2026-03,gamagori_123_general_practical_tri,蒲郡 一般 1-2-3,3,1,33.3,123.3,370
2026-03,gamagori_13_exa,蒲郡 1-3,0,0,,,0
2026-03,tokuyama_12a_exa,徳山 1-2 A,0,0,,,0
2026-03,tokoname_12_late_a_exa,常滑 1-2 後半A級安定型,0,0,,,0
2026-03,tokoname_14_winter_exa,常滑 1-4 冬型,0,0,,,0
2026-03,tokoname_123_late_exst_tri,常滑 1-2-3 後半展示ST型,0,0,,,0
2026-03,toda_123_tri,戸田 1-2-3,0,0,,,0
2026-03,tsu_143_tri,津 1-4-3,0,0,,,0
2026-03,kojima_123_tri,児島 1-2-3,0,0,,,0
2026-03,gamagori_123_tri,蒲郡 1-2-3,0,0,,,0
2026-03,naruto_123_tri,鳴門 1-2-3,0,0,,,0
2026-03,karatsu_132_tri,唐津 1-3-2,0,0,,,0
2026-03,tri134_acc2_ex3_tri,1-3-4 全場型,0,0,,,0
2026-03,omura_132_weak2_ex3_tri,大村 1-3-2 弱2展示,3,1,33.3,320.0,960
2026-03,wakamatsu_13_weak2_strong3_exa,若松 1-3,3,0,0.0,-100.0,-300
2026-03,heiwajima_13_acc2_late_exa,平和島 1-3,5,0,0.0,-100.0,-500
2026-03,tamagawa_13_weak_sashi2_exa,多摩川 1-3,1,1,100.0,360.0,360
2026-03,marugame_123_weak4_t5_tri,丸亀 1-2-3 弱4型,0,0,,,0
2026-03,marugame_123_late_weak4_t5_tri,丸亀 1-2-3 後半弱4型,0,0,,,0
2026-03,edogawa_132_weak4_t5_tri,江戸川 1-3-2 弱4型,0,0,,,0
2026-03,karatsu_123_weak4_t5_tri,唐津 1-2-3 弱4型,0,0,,,0
2026-03,suminoe_124_weak3_t5_tri,住之江 1-2-4 弱3型,0,0,,,0
2026-04,g23_optb_tri,G2/G3 1-2-3,0,0,,,0
2026-04,gmkf_132_tri,蒲郡 潮 1-3-2,2,0,0.0,-100.0,-200
2026-04,shimonoseki_123_tri,下関 1-2-3,0,0,,,0
2026-04,tsu_124_tri,津 1-2-4,0,0,,,0
2026-04,amagasaki_143_tri,尼崎 1-4-3,0,0,,,0
2026-04,amagasaki_13_exa,尼崎 1-3,2,0,0.0,-100.0,-200
2026-04,omura_13_exa,大村 1-3,0,0,,,0
2026-04,ashiya_boat4_exa,芦屋 4-1,8,2,25.0,80.0,640
2026-04,hamanako_14_exa,浜名湖 1-4,0,0,,,0
2026-04,omura_14_exa,大村 1-4,0,0,,,0
2026-04,tokuyama_123_tri,徳山 1-2-3,0,0,,,0
2026-04,tokuyama_13_exa,徳山 1-3,0,0,,,0
2026-04,shimonoseki_132_tri,下関 1-3-2,0,0,,,0
2026-04,kojima_124_tri,児島 1-2-4,1,0,0.0,-100.0,-100
2026-04,kojima_13_exa,児島 1-3,1,0,0.0,-100.0,-100
2026-04,marugame_123_tri,丸亀 1-2-3,1,1,100.0,600.0,600
2026-04,omura_123_tri,大村 1-2-3,2,0,0.0,-100.0,-200
2026-04,omura_132_tri,大村 1-3-2,0,0,,,0
2026-04,tsu_123_tri,津 1-2-3,1,0,0.0,-100.0,-100
2026-04,suminoe_123_tri,住之江 1-2-3,4,1,25.0,110.0,440
2026-04,miyajima_tide_132_tri,宮島 潮 1-3-2,0,0,,,0
2026-04,gamagori_tide_132_tri,蒲郡 潮 1-3-2,2,0,0.0,-100.0,-200
2026-04,marugame_tide_123_tri,丸亀 潮 1-2-3,0,0,,,0
2026-04,fukuoka_tide_132_tri,福岡 潮 1-3-2,2,0,0.0,-100.0,-200
2026-04,gamagori_123_general_practical_tri,蒲郡 一般 1-2-3,1,0,0.0,-100.0,-100
2026-04,gamagori_13_exa,蒲郡 1-3,0,0,,,0
2026-04,tokuyama_12a_exa,徳山 1-2 A,0,0,,,0
2026-04,tokoname_12_late_a_exa,常滑 1-2 後半A級安定型,0,0,,,0
2026-04,tokoname_14_winter_exa,常滑 1-4 冬型,0,0,,,0
2026-04,tokoname_123_late_exst_tri,常滑 1-2-3 後半展示ST型,1,0,0.0,-100.0,-100
2026-04,toda_123_tri,戸田 1-2-3,0,0,,,0
2026-04,tsu_143_tri,津 1-4-3,0,0,,,0
2026-04,kojima_123_tri,児島 1-2-3,0,0,,,0
2026-04,gamagori_123_tri,蒲郡 1-2-3,0,0,,,0
2026-04,naruto_123_tri,鳴門 1-2-3,0,0,,,0
2026-04,karatsu_132_tri,唐津 1-3-2,0,0,,,0
2026-04,tri134_acc2_ex3_tri,1-3-4 全場型,2,1,50.0,270.0,540
2026-04,omura_132_weak2_ex3_tri,大村 1-3-2 弱2展示,0,0,,,0
2026-04,wakamatsu_13_weak2_strong3_exa,若松 1-3,1,0,0.0,-100.0,-100
2026-04,heiwajima_13_acc2_late_exa,平和島 1-3,10,4,40.0,73.0,730
2026-04,tamagawa_13_weak_sashi2_exa,多摩川 1-3,1,0,0.0,-100.0,-100
2026-04,marugame_123_weak4_t5_tri,丸亀 1-2-3 弱4型,0,0,,,0
2026-04,marugame_123_late_weak4_t5_tri,丸亀 1-2-3 後半弱4型,0,0,,,0
2026-04,edogawa_132_weak4_t5_tri,江戸川 1-3-2 弱4型,0,0,,,0
2026-04,karatsu_123_weak4_t5_tri,唐津 1-2-3 弱4型,0,0,,,0
2026-04,suminoe_124_weak3_t5_tri,住之江 1-2-4 弱3型,0,0,,,0
2026-05,g23_optb_tri,G2/G3 1-2-3,3,2,66.7,370.0,1110
2026-05,gmkf_132_tri,蒲郡 潮 1-3-2,6,2,33.3,780.0,4680
2026-05,shimonoseki_123_tri,下関 1-2-3,0,0,,,0
2026-05,tsu_124_tri,津 1-2-4,0,0,,,0
2026-05,amagasaki_143_tri,尼崎 1-4-3,0,0,,,0
2026-05,amagasaki_13_exa,尼崎 1-3,7,1,14.3,375.7,2630
2026-05,omura_13_exa,大村 1-3,0,0,,,0
2026-05,ashiya_boat4_exa,芦屋 4-1,3,0,0.0,-100.0,-300
2026-05,hamanako_14_exa,浜名湖 1-4,0,0,,,0
2026-05,omura_14_exa,大村 1-4,0,0,,,0
2026-05,tokuyama_123_tri,徳山 1-2-3,3,0,0.0,-100.0,-300
2026-05,tokuyama_13_exa,徳山 1-3,0,0,,,0
2026-05,shimonoseki_132_tri,下関 1-3-2,2,1,50.0,195.0,390
2026-05,kojima_124_tri,児島 1-2-4,0,0,,,0
2026-05,kojima_13_exa,児島 1-3,2,0,0.0,-100.0,-200
2026-05,marugame_123_tri,丸亀 1-2-3,0,0,,,0
2026-05,omura_123_tri,大村 1-2-3,0,0,,,0
2026-05,omura_132_tri,大村 1-3-2,0,0,,,0
2026-05,tsu_123_tri,津 1-2-3,1,0,0.0,-100.0,-100
2026-05,suminoe_123_tri,住之江 1-2-3,0,0,,,0
2026-05,miyajima_tide_132_tri,宮島 潮 1-3-2,0,0,,,0
2026-05,gamagori_tide_132_tri,蒲郡 潮 1-3-2,1,0,0.0,-100.0,-100
2026-05,marugame_tide_123_tri,丸亀 潮 1-2-3,0,0,,,0
2026-05,fukuoka_tide_132_tri,福岡 潮 1-3-2,0,0,,,0
2026-05,gamagori_123_general_practical_tri,蒲郡 一般 1-2-3,3,0,0.0,-100.0,-300
2026-05,gamagori_13_exa,蒲郡 1-3,0,0,,,0
2026-05,tokuyama_12a_exa,徳山 1-2 A,1,1,100.0,150.0,150
2026-05,tokoname_12_late_a_exa,常滑 1-2 後半A級安定型,0,0,,,0
2026-05,tokoname_14_winter_exa,常滑 1-4 冬型,0,0,,,0
2026-05,tokoname_123_late_exst_tri,常滑 1-2-3 後半展示ST型,2,1,50.0,180.0,360
2026-05,toda_123_tri,戸田 1-2-3,0,0,,,0
2026-05,tsu_143_tri,津 1-4-3,0,0,,,0
2026-05,kojima_123_tri,児島 1-2-3,0,0,,,0
2026-05,gamagori_123_tri,蒲郡 1-2-3,2,0,0.0,-100.0,-200
2026-05,naruto_123_tri,鳴門 1-2-3,0,0,,,0
2026-05,karatsu_132_tri,唐津 1-3-2,1,1,100.0,330.0,330
2026-05,tri134_acc2_ex3_tri,1-3-4 全場型,1,0,0.0,-100.0,-100
2026-05,omura_132_weak2_ex3_tri,大村 1-3-2 弱2展示,0,0,,,0
2026-05,wakamatsu_13_weak2_strong3_exa,若松 1-3,2,2,100.0,1140.0,2280
2026-05,heiwajima_13_acc2_late_exa,平和島 1-3,0,0,,,0
2026-05,tamagawa_13_weak_sashi2_exa,多摩川 1-3,3,3,100.0,326.7,980
2026-05,marugame_123_weak4_t5_tri,丸亀 1-2-3 弱4型,0,0,,,0
2026-05,marugame_123_late_weak4_t5_tri,丸亀 1-2-3 後半弱4型,0,0,,,0
2026-05,edogawa_132_weak4_t5_tri,江戸川 1-3-2 弱4型,0,0,,,0
2026-05,karatsu_123_weak4_t5_tri,唐津 1-2-3 弱4型,0,0,,,0
2026-05,suminoe_124_weak3_t5_tri,住之江 1-2-4 弱3型,0,0,,,0
2026-06,g23_optb_tri,G2/G3 1-2-3,0,0,,,0
2026-06,gmkf_132_tri,蒲郡 潮 1-3-2,3,1,33.3,336.7,1010
2026-06,shimonoseki_123_tri,下関 1-2-3,0,0,,,0
2026-06,tsu_124_tri,津 1-2-4,0,0,,,0
2026-06,amagasaki_143_tri,尼崎 1-4-3,0,0,,,0
2026-06,amagasaki_13_exa,尼崎 1-3,5,4,80.0,164.0,820
2026-06,omura_13_exa,大村 1-3,0,0,,,0
2026-06,ashiya_boat4_exa,芦屋 4-1,0,0,,,0
2026-06,hamanako_14_exa,浜名湖 1-4,0,0,,,0
2026-06,omura_14_exa,大村 1-4,0,0,,,0
2026-06,tokuyama_123_tri,徳山 1-2-3,0,0,,,0
2026-06,tokuyama_13_exa,徳山 1-3,0,0,,,0
2026-06,shimonoseki_132_tri,下関 1-3-2,0,0,,,0
2026-06,kojima_124_tri,児島 1-2-4,0,0,,,0
2026-06,kojima_13_exa,児島 1-3,0,0,,,0
2026-06,marugame_123_tri,丸亀 1-2-3,0,0,,,0
2026-06,omura_123_tri,大村 1-2-3,0,0,,,0
2026-06,omura_132_tri,大村 1-3-2,0,0,,,0
2026-06,tsu_123_tri,津 1-2-3,0,0,,,0
2026-06,suminoe_123_tri,住之江 1-2-3,0,0,,,0
2026-06,miyajima_tide_132_tri,宮島 潮 1-3-2,0,0,,,0
2026-06,gamagori_tide_132_tri,蒲郡 潮 1-3-2,1,1,100.0,2320.0,2320
2026-06,marugame_tide_123_tri,丸亀 潮 1-2-3,0,0,,,0
2026-06,fukuoka_tide_132_tri,福岡 潮 1-3-2,0,0,,,0
2026-06,gamagori_123_general_practical_tri,蒲郡 一般 1-2-3,1,0,0.0,-100.0,-100
2026-06,gamagori_13_exa,蒲郡 1-3,0,0,,,0
2026-06,tokuyama_12a_exa,徳山 1-2 A,0,0,,,0
2026-06,tokoname_12_late_a_exa,常滑 1-2 後半A級安定型,0,0,,,0
2026-06,tokoname_14_winter_exa,常滑 1-4 冬型,0,0,,,0
2026-06,tokoname_123_late_exst_tri,常滑 1-2-3 後半展示ST型,8,2,25.0,101.2,810
2026-06,toda_123_tri,戸田 1-2-3,0,0,,,0
2026-06,tsu_143_tri,津 1-4-3,0,0,,,0
2026-06,kojima_123_tri,児島 1-2-3,0,0,,,0
2026-06,gamagori_123_tri,蒲郡 1-2-3,0,0,,,0
2026-06,naruto_123_tri,鳴門 1-2-3,0,0,,,0
2026-06,karatsu_132_tri,唐津 1-3-2,0,0,,,0
2026-06,tri134_acc2_ex3_tri,1-3-4 全場型,2,0,0.0,-100.0,-200
2026-06,omura_132_weak2_ex3_tri,大村 1-3-2 弱2展示,3,3,100.0,610.0,1830
2026-06,wakamatsu_13_weak2_strong3_exa,若松 1-3,1,0,0.0,-100.0,-100
2026-06,heiwajima_13_acc2_late_exa,平和島 1-3,0,0,,,0
2026-06,tamagawa_13_weak_sashi2_exa,多摩川 1-3,4,3,75.0,85.0,340
2026-06,marugame_123_weak4_t5_tri,丸亀 1-2-3 弱4型,0,0,,,0
2026-06,marugame_123_late_weak4_t5_tri,丸亀 1-2-3 後半弱4型,0,0,,,0
2026-06,edogawa_132_weak4_t5_tri,江戸川 1-3-2 弱4型,0,0,,,0
2026-06,karatsu_123_weak4_t5_tri,唐津 1-2-3 弱4型,0,0,,,0
2026-06,suminoe_124_weak3_t5_tri,住之江 1-2-4 弱3型,0,0,,,0
2026-07,g23_optb_tri,G2/G3 1-2-3,0,0,,,0
2026-07,gmkf_132_tri,蒲郡 潮 1-3-2,0,0,,,0
2026-07,shimonoseki_123_tri,下関 1-2-3,0,0,,,0
2026-07,tsu_124_tri,津 1-2-4,0,0,,,0
2026-07,amagasaki_143_tri,尼崎 1-4-3,0,0,,,0
2026-07,amagasaki_13_exa,尼崎 1-3,3,0,0.0,-100.0,-300
2026-07,omura_13_exa,大村 1-3,0,0,,,0
2026-07,ashiya_boat4_exa,芦屋 4-1,0,0,,,0
2026-07,hamanako_14_exa,浜名湖 1-4,1,1,100.0,190.0,190
2026-07,omura_14_exa,大村 1-4,0,0,,,0
2026-07,tokuyama_123_tri,徳山 1-2-3,1,0,0.0,-100.0,-100
2026-07,tokuyama_13_exa,徳山 1-3,0,0,,,0
2026-07,shimonoseki_132_tri,下関 1-3-2,0,0,,,0
2026-07,kojima_124_tri,児島 1-2-4,0,0,,,0
2026-07,kojima_13_exa,児島 1-3,0,0,,,0
2026-07,marugame_123_tri,丸亀 1-2-3,0,0,,,0
2026-07,omura_123_tri,大村 1-2-3,0,0,,,0
2026-07,omura_132_tri,大村 1-3-2,0,0,,,0
2026-07,tsu_123_tri,津 1-2-3,0,0,,,0
2026-07,suminoe_123_tri,住之江 1-2-3,1,0,0.0,-100.0,-100
2026-07,miyajima_tide_132_tri,宮島 潮 1-3-2,0,0,,,0
2026-07,gamagori_tide_132_tri,蒲郡 潮 1-3-2,0,0,,,0
2026-07,marugame_tide_123_tri,丸亀 潮 1-2-3,0,0,,,0
2026-07,fukuoka_tide_132_tri,福岡 潮 1-3-2,1,0,0.0,-100.0,-100
2026-07,gamagori_123_general_practical_tri,蒲郡 一般 1-2-3,0,0,,,0
2026-07,gamagori_13_exa,蒲郡 1-3,0,0,,,0
2026-07,tokuyama_12a_exa,徳山 1-2 A,0,0,,,0
2026-07,tokoname_12_late_a_exa,常滑 1-2 後半A級安定型,0,0,,,0
2026-07,tokoname_14_winter_exa,常滑 1-4 冬型,0,0,,,0
2026-07,tokoname_123_late_exst_tri,常滑 1-2-3 後半展示ST型,0,0,,,0
2026-07,toda_123_tri,戸田 1-2-3,0,0,,,0
2026-07,tsu_143_tri,津 1-4-3,1,0,0.0,-100.0,-100
2026-07,kojima_123_tri,児島 1-2-3,0,0,,,0
2026-07,gamagori_123_tri,蒲郡 1-2-3,0,0,,,0
2026-07,naruto_123_tri,鳴門 1-2-3,0,0,,,0
2026-07,karatsu_132_tri,唐津 1-3-2,0,0,,,0
2026-07,tri134_acc2_ex3_tri,1-3-4 全場型,3,1,33.3,160.0,480
2026-07,omura_132_weak2_ex3_tri,大村 1-3-2 弱2展示,0,0,,,0
2026-07,wakamatsu_13_weak2_strong3_exa,若松 1-3,2,0,0.0,-100.0,-200
2026-07,heiwajima_13_acc2_late_exa,平和島 1-3,0,0,,,0
2026-07,tamagawa_13_weak_sashi2_exa,多摩川 1-3,0,0,,,0
2026-07,marugame_123_weak4_t5_tri,丸亀 1-2-3 弱4型,0,0,,,0
2026-07,marugame_123_late_weak4_t5_tri,丸亀 1-2-3 後半弱4型,0,0,,,0
2026-07,edogawa_132_weak4_t5_tri,江戸川 1-3-2 弱4型,0,0,,,0
2026-07,karatsu_123_weak4_t5_tri,唐津 1-2-3 弱4型,0,0,,,0
2026-07,suminoe_124_weak3_t5_tri,住之江 1-2-4 弱3型,0,0,,,0
